1559878282667,2,HTTP Request,200,OK,Thread Group 1-1,text,true,191,1,1,2
1559878282687,12,HTTP Request,200,OK,Thread Group 1-1,text,true,191,2,2,12
1559878282699,3,HTTP Request,200,OK,Thread Group 1-1,text,true,191,2,2,3
1559878282687,12,HTTP Request,200,OK,Thread Group 1-2,text,true,191,2,2,12
1559878282702,4,HTTP Request,200,OK,Thread Group 1-1,text,true,191,2,2,4
1559878282707,3,HTTP Request,200,OK,Thread Group 1-3,text,true,191,3,3,3
1559878282711,3,HTTP Request,200,OK,Thread Group 1-2,text,true,191,3,3,3
1559878282715,3,HTTP Request,200,OK,Thread Group 1-1,text,true,191,3,3,3
1559878282715,82,HTTP Request,200,OK,Thread Group 1-2,text,true,191,7,7,82
1559878282716,81,HTTP Request,200,OK,Thread Group 1-3,text,true,191,7,7,81
1559878282718,81,HTTP Request,200,OK,Thread Group 1-1,text,true,191,7,7,81
1559878282727,72,HTTP Request,200,OK,Thread Group 1-4,text,true,191,7,7,72
1559878282748,53,HTTP Request,200,OK,Thread Group 1-5,text,true,191,7,7,53
1559878282769,33,HTTP Request,200,OK,Thread Group 1-6,text,true,191,7,7,33
1559878282793,106,HTTP Request,200,OK,Thread Group 1-7,text,true,191,12,12,106
1559878282798,102,HTTP Request,200,OK,Thread Group 1-2,text,true,191,12,12,102
1559878282798,103,HTTP Request,200,OK,Thread Group 1-3,text,true,191,12,12,103
1559878282801,198,HTTP Request,200,OK,Thread Group 1-5,text,true,191,17,17,198
1559878282800,200,HTTP Request,200,OK,Thread Group 1-1,text,true,191,17,17,200
1559878282813,193,HTTP Request,200,OK,Thread Group 1-8,text,true,191,17,17,193
1559878282803,295,HTTP Request,200,OK,Thread Group 1-6,text,true,191,21,21,295
1559878282800,300,HTTP Request,200,OK,Thread Group 1-4,text,true,191,22,22,300
1559878282854,248,HTTP Request,200,OK,Thread Group 1-10,text,true,191,22,22,247
1559878282833,282,HTTP Request,200,OK,Thread Group 1-9,text,true,191,22,22,282
1559878282874,323,HTTP Request,200,OK,Thread Group 1-11,text,true,191,26,26,323
1559878282894,305,HTTP Request,200,OK,Thread Group 1-12,text,true,191,26,26,305
1559878282902,304,HTTP Request,200,OK,Thread Group 1-7,text,true,191,27,27,303
1559878282902,396,HTTP Request,200,OK,Thread Group 1-2,text,true,191,31,31,396
1559878282904,395,HTTP Request,200,OK,Thread Group 1-3,text,true,191,31,31,395
1559878282934,370,HTTP Request,200,OK,Thread Group 1-14,text,true,191,31,31,370
1559878282914,392,HTTP Request,200,OK,Thread Group 1-13,text,true,191,32,32,391
1559878282954,355,HTTP Request,200,OK,Thread Group 1-15,text,true,191,32,32,355
1559878282994,407,HTTP Request,200,OK,Thread Group 1-17,text,true,191,36,36,406
1559878282974,429,HTTP Request,200,OK,Thread Group 1-16,text,true,191,36,36,429
1559878283003,498,HTTP Request,200,OK,Thread Group 1-1,text,true,191,41,41,498
1559878283003,500,HTTP Request,200,OK,Thread Group 1-5,text,true,191,41,41,500
1559878283008,496,HTTP Request,200,OK,Thread Group 1-8,text,true,191,41,41,496
1559878283017,489,HTTP Request,200,OK,Thread Group 1-18,text,true,191,41,41,488
1559878283037,471,HTTP Request,200,OK,Thread Group 1-19,text,true,191,41,41,471
1559878283058,544,HTTP Request,200,OK,Thread Group 1-20,text,true,191,46,46,544
1559878283078,525,HTTP Request,200,OK,Thread Group 1-21,text,true,191,46,46,525
1559878283100,599,HTTP Request,200,OK,Thread Group 1-6,text,true,191,50,50,598
1559878283099,603,HTTP Request,200,OK,Thread Group 1-22,text,true,191,50,50,603
1559878283141,758,HTTP Request,200,OK,Thread Group 1-4,text,true,191,50,50,758
1559878283140,759,HTTP Request,200,OK,Thread Group 1-24,text,true,191,50,50,759
1559878283120,779,HTTP Request,200,OK,Thread Group 1-23,text,true,191,50,50,779
1559878283141,760,HTTP Request,200,OK,Thread Group 1-9,text,true,191,50,50,760
1559878283141,760,HTTP Request,200,OK,Thread Group 1-10,text,true,191,50,50,760
1559878283161,744,HTTP Request,200,OK,Thread Group 1-25,text,true,191,50,50,744
1559878283182,821,HTTP Request,200,OK,Thread Group 1-26,text,true,191,50,50,821
1559878283202,900,HTTP Request,200,OK,Thread Group 1-12,text,true,191,50,50,900
1559878283224,978,HTTP Request,200,OK,Thread Group 1-28,text,true,191,50,50,978
1559878283204,999,HTTP Request,200,OK,Thread Group 1-27,text,true,191,50,50,999
1559878283215,990,HTTP Request,200,OK,Thread Group 1-7,text,true,191,50,50,990
1559878283244,963,HTTP Request,200,OK,Thread Group 1-29,text,true,191,50,50,963
1559878283199,1098,HTTP Request,200,OK,Thread Group 1-11,text,true,191,50,50,1098
1559878283264,1040,HTTP Request,200,OK,Thread Group 1-30,text,true,191,50,50,1040
1559878283284,1116,HTTP Request,200,OK,Thread Group 1-31,text,true,191,50,50,1116
1559878283299,1103,HTTP Request,200,OK,Thread Group 1-2,text,true,191,50,50,1102
1559878283300,1103,HTTP Request,200,OK,Thread Group 1-3,text,true,191,50,50,1102
1559878283305,1195,HTTP Request,200,OK,Thread Group 1-32,text,true,191,50,50,1195
1559878283311,1189,HTTP Request,200,OK,Thread Group 1-14,text,true,191,50,50,1189
1559878283312,1290,HTTP Request,200,OK,Thread Group 1-15,text,true,191,50,50,1290
1559878283312,1292,HTTP Request,200,OK,Thread Group 1-13,text,true,191,50,50,1292
1559878283345,1259,HTTP Request,200,OK,Thread Group 1-34,text,true,191,50,50,1259
1559878283325,1373,HTTP Request,200,OK,Thread Group 1-33,text,true,191,50,50,1373
1559878283367,1332,HTTP Request,200,OK,Thread Group 1-35,text,true,191,50,50,1332
1559878283391,1309,HTTP Request,200,OK,Thread Group 1-36,text,true,191,50,50,1309
1559878283403,1297,HTTP Request,200,OK,Thread Group 1-17,text,true,191,50,50,1297
1559878283431,1273,HTTP Request,200,OK,Thread Group 1-38,text,true,191,50,50,1273
1559878283404,1301,HTTP Request,200,OK,Thread Group 1-16,text,true,191,50,50,1301
1559878283411,1391,HTTP Request,200,OK,Thread Group 1-37,text,true,191,50,50,1391
1559878283493,1310,HTTP Request,200,OK,Thread Group 1-41,text,true,191,50,50,1310
1559878283471,1332,HTTP Request,200,OK,Thread Group 1-40,text,true,191,50,50,1332
1559878283452,1352,HTTP Request,200,OK,Thread Group 1-39,text,true,191,50,50,1352
1559878283503,1398,HTTP Request,200,OK,Thread Group 1-1,text,true,191,50,50,1398
1559878283505,1397,HTTP Request,200,OK,Thread Group 1-5,text,true,191,50,50,1397
1559878283506,1492,HTTP Request,200,OK,Thread Group 1-8,text,true,191,50,50,1492
1559878283507,1499,HTTP Request,200,OK,Thread Group 1-18,text,true,191,50,50,1498
1559878283509,1588,HTTP Request,200,OK,Thread Group 1-19,text,true,191,50,50,1588
1559878283556,1643,HTTP Request,200,OK,Thread Group 1-44,text,true,191,50,50,1643
1559878283516,1683,HTTP Request,200,OK,Thread Group 1-42,text,true,191,50,50,1683
1559878283598,1603,HTTP Request,200,OK,Thread Group 1-46,text,true,191,50,50,1603
1559878283536,1667,HTTP Request,200,OK,Thread Group 1-43,text,true,191,50,50,1667
1559878283578,1726,HTTP Request,200,OK,Thread Group 1-45,text,true,191,50,50,1726
1559878283606,1698,HTTP Request,200,OK,Thread Group 1-20,text,true,191,50,50,1698
1559878283618,1782,HTTP Request,200,OK,Thread Group 1-47,text,true,191,50,50,1782
1559878283643,1757,HTTP Request,200,OK,Thread Group 1-48,text,true,191,50,50,1757
1559878283606,1797,HTTP Request,200,OK,Thread Group 1-21,text,true,191,50,50,1796
1559878283665,1936,HTTP Request,200,OK,Thread Group 1-49,text,true,191,50,50,1936
1559878283702,1902,HTTP Request,200,OK,Thread Group 1-6,text,true,191,50,50,1902
1559878283687,1918,HTTP Request,200,OK,Thread Group 1-50,text,true,191,50,50,1917
1559878283902,1703,HTTP Request,200,OK,Thread Group 1-4,text,true,191,50,50,1703
1559878283902,1795,HTTP Request,200,OK,Thread Group 1-24,text,true,191,50,50,1795
1559878283703,1994,HTTP Request,200,OK,Thread Group 1-22,text,true,191,50,50,1994
1559878283903,1797,HTTP Request,200,OK,Thread Group 1-23,text,true,191,50,50,1796
1559878283905,1797,HTTP Request,200,OK,Thread Group 1-10,text,true,191,50,50,1797
1559878283904,1899,HTTP Request,200,OK,Thread Group 1-9,text,true,191,50,50,1899
1559878284005,1894,HTTP Request,200,OK,Thread Group 1-26,text,true,191,50,50,1894
1559878283907,1999,HTTP Request,200,OK,Thread Group 1-25,text,true,191,50,50,1999
1559878284205,1797,HTTP Request,200,OK,Thread Group 1-27,text,true,191,50,50,1797
1559878284204,1800,HTTP Request,200,OK,Thread Group 1-28,text,true,191,50,50,1800
1559878284105,1996,HTTP Request,200,OK,Thread Group 1-12,text,true,191,50,50,1996
1559878284207,1894,HTTP Request,200,OK,Thread Group 1-7,text,true,191,50,50,1894
1559878284299,1902,HTTP Request,200,OK,Thread Group 1-11,text,true,191,50,50,1902
1559878284209,1993,HTTP Request,200,OK,Thread Group 1-29,text,true,191,50,50,1993
1559878284306,1897,HTTP Request,200,OK,Thread Group 1-30,text,true,191,50,50,1897
1559878284402,1802,HTTP Request,200,OK,Thread Group 1-31,text,true,191,50,50,1802
1559878284403,1901,HTTP Request,200,OK,Thread Group 1-2,text,true,191,50,50,1901
1559878284404,1993,HTTP Request,200,OK,Thread Group 1-3,text,true,191,50,50,1993
1559878284501,1903,HTTP Request,200,OK,Thread Group 1-32,text,true,191,50,50,1903
1559878284502,1995,HTTP Request,200,OK,Thread Group 1-14,text,true,191,50,50,1995
1559878284603,1996,HTTP Request,200,OK,Thread Group 1-15,text,true,191,50,50,1996
1559878284700,1901,HTTP Request,200,OK,Thread Group 1-35,text,true,191,50,50,1901
1559878284606,1995,HTTP Request,200,OK,Thread Group 1-34,text,true,191,50,50,1995
1559878284606,1997,HTTP Request,200,OK,Thread Group 1-13,text,true,191,50,50,1997
1559878284700,2004,HTTP Request,200,OK,Thread Group 1-33,text,true,191,50,50,2004
1559878284701,2004,HTTP Request,200,OK,Thread Group 1-17,text,true,191,50,50,2003
1559878284701,2007,HTTP Request,200,OK,Thread Group 1-36,text,true,191,50,50,2006
1559878284705,2094,HTTP Request,200,OK,Thread Group 1-38,text,true,191,50,50,2094
1559878284804,2099,HTTP Request,200,OK,Thread Group 1-37,text,true,191,50,50,2099
1559878284805,2098,HTTP Request,200,OK,Thread Group 1-41,text,true,191,50,50,2098
1559878284705,2199,HTTP Request,200,OK,Thread Group 1-16,text,true,191,50,50,2199
1559878284806,2196,HTTP Request,200,OK,Thread Group 1-39,text,true,191,50,50,2196
1559878284805,2197,HTTP Request,200,OK,Thread Group 1-40,text,true,191,50,50,2196
1559878284904,2101,HTTP Request,200,OK,Thread Group 1-5,text,true,191,50,50,2101
1559878284904,2197,HTTP Request,200,OK,Thread Group 1-1,text,true,191,50,50,2196
1559878285000,2103,HTTP Request,200,OK,Thread Group 1-8,text,true,191,50,50,2103
1559878285099,2102,HTTP Request,200,OK,Thread Group 1-19,text,true,191,50,50,2101
1559878285007,2194,HTTP Request,200,OK,Thread Group 1-18,text,true,191,50,50,2193
1559878285202,2095,HTTP Request,200,OK,Thread Group 1-44,text,true,191,50,50,2095
1559878285202,2100,HTTP Request,200,OK,Thread Group 1-42,text,true,191,50,50,2100
1559878285204,2101,HTTP Request,200,OK,Thread Group 1-46,text,true,191,50,50,2101
1559878285306,2096,HTTP Request,200,OK,Thread Group 1-20,text,true,191,50,50,2096
1559878285205,2202,HTTP Request,200,OK,Thread Group 1-43,text,true,191,50,50,2202
1559878285306,2201,HTTP Request,200,OK,Thread Group 1-45,text,true,191,50,50,2201
1559878285402,2199,HTTP Request,200,OK,Thread Group 1-48,text,true,191,50,50,2198
1559878285607,2092,HTTP Request,200,OK,Thread Group 1-6,text,true,191,50,50,2092
1559878285404,2295,HTTP Request,200,OK,Thread Group 1-21,text,true,191,50,50,2295
1559878285402,2297,HTTP Request,200,OK,Thread Group 1-47,text,true,191,50,50,2296
1559878285603,2101,HTTP Request,200,OK,Thread Group 1-49,text,true,191,50,50,2101
1559878285608,2189,HTTP Request,200,OK,Thread Group 1-4,text,true,191,50,50,2189
1559878285700,2103,HTTP Request,200,OK,Thread Group 1-22,text,true,191,50,50,2103
1559878285700,2199,HTTP Request,200,OK,Thread Group 1-24,text,true,191,50,50,2199
1559878285607,2293,HTTP Request,200,OK,Thread Group 1-50,text,true,191,50,50,2293
1559878285701,2202,HTTP Request,200,OK,Thread Group 1-23,text,true,191,50,50,2202
1559878285901,2097,HTTP Request,200,OK,Thread Group 1-26,text,true,191,50,50,2097
1559878285704,2295,HTTP Request,200,OK,Thread Group 1-10,text,true,191,50,50,2295
1559878285805,2194,HTTP Request,200,OK,Thread Group 1-9,text,true,191,50,50,2194
1559878285908,2092,HTTP Request,200,OK,Thread Group 1-25,text,true,191,50,50,2092
1559878286004,1998,HTTP Request,200,OK,Thread Group 1-27,text,true,191,50,50,1998
1559878286104,1900,HTTP Request,200,OK,Thread Group 1-12,text,true,191,50,50,1900
1559878286005,1999,HTTP Request,200,OK,Thread Group 1-28,text,true,191,50,50,1999
1559878286104,1900,HTTP Request,200,OK,Thread Group 1-7,text,true,191,50,50,1900
1559878286203,1894,HTTP Request,200,OK,Thread Group 1-11,text,true,191,50,50,1894
1559878286207,1891,HTTP Request,200,OK,Thread Group 1-30,text,true,191,50,50,1891
1559878286207,1894,HTTP Request,200,OK,Thread Group 1-31,text,true,191,50,50,1894
1559878286306,1795,HTTP Request,200,OK,Thread Group 1-2,text,true,191,50,50,1795
1559878286207,1895,HTTP Request,200,OK,Thread Group 1-29,text,true,191,50,50,1895
1559878286399,1706,HTTP Request,200,OK,Thread Group 1-3,text,true,191,50,50,1706
1559878286501,1698,HTTP Request,200,OK,Thread Group 1-14,text,true,191,50,50,1698
1559878286408,1792,HTTP Request,200,OK,Thread Group 1-32,text,true,191,50,50,1791
1559878286605,1596,HTTP Request,200,OK,Thread Group 1-35,text,true,191,50,50,1596
1559878286601,1602,HTTP Request,200,OK,Thread Group 1-15,text,true,191,50,50,1601
1559878286605,1696,HTTP Request,200,OK,Thread Group 1-13,text,true,191,50,50,1696
1559878286605,1695,HTTP Request,200,OK,Thread Group 1-34,text,true,191,50,50,1695
1559878286707,1693,HTTP Request,200,OK,Thread Group 1-17,text,true,191,50,50,1693
1559878286711,1689,HTTP Request,200,OK,Thread Group 1-36,text,true,191,50,50,1689
1559878286707,1694,HTTP Request,200,OK,Thread Group 1-33,text,true,191,50,50,1694
1559878286802,1696,HTTP Request,200,OK,Thread Group 1-38,text,true,191,50,50,1696
1559878286905,1594,HTTP Request,200,OK,Thread Group 1-41,text,true,191,50,50,1594
1559878286906,1596,HTTP Request,200,OK,Thread Group 1-16,text,true,191,50,50,1596
1559878287004,1598,HTTP Request,200,OK,Thread Group 1-39,text,true,191,50,50,1598
1559878286905,1697,HTTP Request,200,OK,Thread Group 1-37,text,true,191,50,50,1697
1559878287005,1597,HTTP Request,200,OK,Thread Group 1-40,text,true,191,50,50,1597
1559878287007,1597,HTTP Request,200,OK,Thread Group 1-5,text,true,191,50,50,1597
1559878287102,1507,HTTP Request,200,OK,Thread Group 1-1,text,true,191,50,50,1507
1559878287106,1691,HTTP Request,200,OK,Thread Group 1-8,text,true,191,50,50,1691
1559878287204,1593,HTTP Request,200,OK,Thread Group 1-18,text,true,191,50,50,1593
1559878287204,1599,HTTP Request,200,OK,Thread Group 1-19,text,true,191,50,50,1598
1559878287300,1503,HTTP Request,200,OK,Thread Group 1-44,text,true,191,50,50,1503
1559878287307,1597,HTTP Request,200,OK,Thread Group 1-46,text,true,191,50,50,1597
1559878287305,1692,HTTP Request,200,OK,Thread Group 1-42,text,true,191,50,50,1692
1559878287404,1595,HTTP Request,200,OK,Thread Group 1-20,text,true,191,50,50,1595
1559878287408,1597,HTTP Request,200,OK,Thread Group 1-43,text,true,191,50,50,1597
1559878287509,1498,HTTP Request,200,OK,Thread Group 1-45,text,true,191,50,50,1498
1559878287602,1502,HTTP Request,200,OK,Thread Group 1-48,text,true,191,50,50,1502
1559878287700,1404,HTTP Request,200,OK,Thread Group 1-6,text,true,191,50,50,1404
1559878287701,1497,HTTP Request,200,OK,Thread Group 1-47,text,true,191,50,50,1497
1559878287701,1498,HTTP Request,200,OK,Thread Group 1-21,text,true,191,50,50,1498
1559878287705,1495,HTTP Request,200,OK,Thread Group 1-49,text,true,191,50,50,1495
1559878287799,1406,HTTP Request,200,OK,Thread Group 1-4,text,true,191,50,50,1406
1559878287805,1493,HTTP Request,200,OK,Thread Group 1-22,text,true,191,50,50,1492
1559878287901,1399,HTTP Request,200,OK,Thread Group 1-24,text,true,191,50,50,1398
1559878287902,1404,HTTP Request,200,OK,Thread Group 1-50,text,true,191,50,50,1404
1559878287906,1491,HTTP Request,200,OK,Thread Group 1-23,text,true,191,50,50,1491
1559878287999,1402,HTTP Request,200,OK,Thread Group 1-26,text,true,191,50,50,1402
1559878288000,1500,HTTP Request,200,OK,Thread Group 1-25,text,true,191,50,50,1500
1559878288000,1502,HTTP Request,200,OK,Thread Group 1-9,text,true,191,50,50,1502
1559878288005,1603,HTTP Request,200,OK,Thread Group 1-28,text,true,191,50,50,1603
1559878288003,1694,HTTP Request,200,OK,Thread Group 1-27,text,true,191,50,50,1694
1559878288098,1601,HTTP Request,200,OK,Thread Group 1-11,text,true,191,50,50,1601
1559878288004,1695,HTTP Request,200,OK,Thread Group 1-12,text,true,191,50,50,1695
1559878288001,1698,HTTP Request,200,OK,Thread Group 1-10,text,true,191,50,50,1698
1559878288005,1796,HTTP Request,200,OK,Thread Group 1-7,text,true,191,50,50,1796
1559878288099,1702,HTTP Request,200,OK,Thread Group 1-30,text,true,191,50,50,1702
1559878288102,1798,HTTP Request,200,OK,Thread Group 1-2,text,true,191,50,50,1798
1559878288103,1798,HTTP Request,200,OK,Thread Group 1-29,text,true,191,50,50,1798
1559878288102,1803,HTTP Request,200,OK,Thread Group 1-31,text,true,191,50,50,1803
1559878288106,1896,HTTP Request,200,OK,Thread Group 1-3,text,true,191,50,50,1895
1559878288502,1557,HTTP Request,Non HTTP response code: java.net.SocketException,Non HTTP response message: Socket closed,Thread Group 1-41,text,false,2718,50,50,0
1559878288610,1450,HTTP Request,Non HTTP response code: java.net.SocketException,Non HTTP response message: Socket closed,Thread Group 1-1,text,false,2718,50,50,0
1559878289106,956,HTTP Request,Non HTTP response code: java.net.SocketException,Non HTTP response message: Socket closed,Thread Group 1-6,text,false,2718,50,50,0
1559878289903,160,HTTP Request,Non HTTP response code: java.net.SocketException,Non HTTP response message: Socket closed,Thread Group 1-2,text,false,2718,50,50,0
1559878289106,958,HTTP Request,Non HTTP response code: java.net.SocketException,Non HTTP response message: Socket closed,Thread Group 1-48,text,false,2718,50,50,0
1559878289200,865,HTTP Request,Non HTTP response code: java.net.SocketException,Non HTTP response message: Socket closed,Thread Group 1-47,text,false,2718,50,50,0
1559878288504,1562,HTTP Request,Non HTTP response code: java.net.SocketException,Non HTTP response message: Socket closed,Thread Group 1-16,text,false,2718,50,50,0
1559878288605,1466,HTTP Request,Non HTTP response code: java.net.SocketException,Non HTTP response message: Socket closed,Thread Group 1-5,text,false,2718,50,50,0
1559878289504,567,HTTP Request,Non HTTP response code: java.net.SocketException,Non HTTP response message: Socket closed,Thread Group 1-9,text,false,2718,50,50,0
1559878289000,1073,HTTP Request,Non HTTP response code: java.net.SocketException,Non HTTP response message: Socket closed,Thread Group 1-20,text,false,2718,50,50,0
1559878288999,1074,HTTP Request,Non HTTP response code: java.net.SocketException,Non HTTP response message: Socket closed,Thread Group 1-42,text,false,2718,50,50,0
1559878289206,869,HTTP Request,Non HTTP response code: java.net.SocketException,Non HTTP response message: Socket closed,Thread Group 1-4,text,false,2718,50,50,0
1559878289200,875,HTTP Request,Non HTTP response code: java.net.SocketException,Non HTTP response message: Socket closed,Thread Group 1-21,text,false,2718,50,50,0
1559878289299,777,HTTP Request,Non HTTP response code: java.net.SocketException,Non HTTP response message: Socket closed,Thread Group 1-22,text,false,2718,50,50,0
1559878288401,1677,HTTP Request,Non HTTP response code: java.net.SocketException,Non HTTP response message: Socket closed,Thread Group 1-36,text,false,2718,50,50,0
1559878289702,379,HTTP Request,Non HTTP response code: java.net.SocketException,Non HTTP response message: Socket closed,Thread Group 1-10,text,false,2718,50,50,0
1559878288303,1779,HTTP Request,Non HTTP response code: java.net.SocketException,Non HTTP response message: Socket closed,Thread Group 1-34,text,false,2718,50,50,0
1559878289006,1077,HTTP Request,Non HTTP response code: java.net.SocketException,Non HTTP response message: Socket closed,Thread Group 1-43,text,false,2718,50,50,0
1559878289201,883,HTTP Request,Non HTTP response code: java.net.SocketException,Non HTTP response message: Socket closed,Thread Group 1-49,text,false,2718,50,50,0
1559878289907,179,HTTP Request,Non HTTP response code: java.net.SocketException,Non HTTP response message: Socket closed,Thread Group 1-31,text,false,2718,50,50,0
1559878288201,1885,HTTP Request,Non HTTP response code: java.net.SocketException,Non HTTP response message: Socket closed,Thread Group 1-14,text,false,1649,50,50,0
1559878288500,1586,HTTP Request,Non HTTP response code: java.net.SocketException,Non HTTP response message: Socket closed,Thread Group 1-38,text,false,2718,50,50,0
1559878290003,83,HTTP Request,Non HTTP response code: java.net.SocketException,Non HTTP response message: Socket closed,Thread Group 1-3,text,false,2718,50,50,0
1559878289610,476,HTTP Request,Non HTTP response code: java.net.SocketException,Non HTTP response message: Socket closed,Thread Group 1-28,text,false,2718,50,50,0
1559878289701,386,HTTP Request,Non HTTP response code: java.net.SocketException,Non HTTP response message: Socket closed,Thread Group 1-11,text,false,2718,50,50,0
1559878289806,281,HTTP Request,Non HTTP response code: java.net.SocketException,Non HTTP response message: Socket closed,Thread Group 1-30,text,false,2718,50,50,0
1559878288207,1880,HTTP Request,Non HTTP response code: java.net.SocketException,Non HTTP response message: Socket closed,Thread Group 1-15,text,false,2718,50,50,0
1559878288403,1685,HTTP Request,Non HTTP response code: java.net.SocketException,Non HTTP response message: Socket closed,Thread Group 1-33,text,false,2718,50,50,0
1559878289804,284,HTTP Request,Non HTTP response code: java.net.SocketException,Non HTTP response message: Socket closed,Thread Group 1-7,text,false,2718,50,50,0
1559878288906,1182,HTTP Request,Non HTTP response code: java.net.SocketException,Non HTTP response message: Socket closed,Thread Group 1-46,text,false,2718,50,50,0
1559878288603,1486,HTTP Request,Non HTTP response code: java.net.SocketException,Non HTTP response message: Socket closed,Thread Group 1-39,text,false,2718,50,50,0
1559878289303,786,HTTP Request,Non HTTP response code: java.net.SocketException,Non HTTP response message: Socket closed,Thread Group 1-24,text,false,2718,50,50,0
1559878289008,1081,HTTP Request,Non HTTP response code: java.net.SocketException,Non HTTP response message: Socket closed,Thread Group 1-45,text,false,2718,50,50,0
1559878289402,686,HTTP Request,Non HTTP response code: java.net.SocketException,Non HTTP response message: Socket closed,Thread Group 1-26,text,false,2718,50,50,0
1559878288806,1283,HTTP Request,Non HTTP response code: java.net.SocketException,Non HTTP response message: Socket closed,Thread Group 1-44,text,false,2718,50,50,0
1559878289701,387,HTTP Request,Non HTTP response code: java.net.SocketException,Non HTTP response message: Socket closed,Thread Group 1-12,text,false,2718,50,50,0
1559878289699,389,HTTP Request,Non HTTP response code: java.net.SocketException,Non HTTP response message: Socket closed,Thread Group 1-27,text,false,2718,50,50,0
1559878288207,1882,HTTP Request,Non HTTP response code: java.net.SocketException,Non HTTP response message: Socket closed,Thread Group 1-35,text,false,2718,50,50,0
1559878289398,691,HTTP Request,Non HTTP response code: java.net.SocketException,Non HTTP response message: Socket closed,Thread Group 1-23,text,false,2718,50,50,0
1559878288604,1485,HTTP Request,Non HTTP response code: java.net.SocketException,Non HTTP response message: Socket closed,Thread Group 1-40,text,false,2718,50,50,0
1559878288805,1287,HTTP Request,Non HTTP response code: java.net.SocketException,Non HTTP response message: Socket closed,Thread Group 1-19,text,false,2718,50,50,0
1559878289501,591,HTTP Request,Non HTTP response code: java.net.SocketException,Non HTTP response message: Socket closed,Thread Group 1-25,text,false,2718,50,50,0
1559878288401,1691,HTTP Request,Non HTTP response code: java.net.SocketException,Non HTTP response message: Socket closed,Thread Group 1-17,text,false,2718,50,50,0
1559878288604,1488,HTTP Request,Non HTTP response code: java.net.SocketException,Non HTTP response message: Socket closed,Thread Group 1-37,text,false,2718,50,50,0
1559878288303,1790,HTTP Request,Non HTTP response code: java.net.SocketException,Non HTTP response message: Socket closed,Thread Group 1-13,text,false,2718,50,50,0
1559878289309,784,HTTP Request,Non HTTP response code: java.net.SocketException,Non HTTP response message: Socket closed,Thread Group 1-50,text,false,2718,50,50,0
1559878288800,1292,HTTP Request,Non HTTP response code: java.net.SocketException,Non HTTP response message: Socket closed,Thread Group 1-8,text,false,2718,50,50,0
1559878288203,1890,HTTP Request,Non HTTP response code: java.net.SocketException,Non HTTP response message: Socket closed,Thread Group 1-32,text,false,2718,50,50,0
1559878289904,190,HTTP Request,Non HTTP response code: java.net.SocketException,Non HTTP response message: Socket closed,Thread Group 1-29,text,false,2718,50,50,0
1559878288800,1293,HTTP Request,Non HTTP response code: java.net.SocketException,Non HTTP response message: Socket closed,Thread Group 1-18,text,false,2718,50,50,0
1559878354990,211,HTTP Request,200,OK,Thread Group 1-1,text,true,191,10,10,211
1559878355011,190,HTTP Request,200,OK,Thread Group 1-2,text,true,191,10,10,190
1559878355031,371,HTTP Request,200,OK,Thread Group 1-3,text,true,191,20,20,371
1559878355052,351,HTTP Request,200,OK,Thread Group 1-4,text,true,191,20,20,350
1559878355072,424,HTTP Request,200,OK,Thread Group 1-5,text,true,191,24,24,424
1559878355094,403,HTTP Request,200,OK,Thread Group 1-6,text,true,191,24,24,403
1559878355115,386,HTTP Request,200,OK,Thread Group 1-7,text,true,191,25,25,386
1559878355135,369,HTTP Request,200,OK,Thread Group 1-8,text,true,191,25,25,369
1559878355156,350,HTTP Request,200,OK,Thread Group 1-9,text,true,191,25,25,349
1559878355176,330,HTTP Request,200,OK,Thread Group 1-10,text,true,191,25,25,330
1559878355205,496,HTTP Request,200,OK,Thread Group 1-2,text,true,191,34,34,496
1559878355238,658,HTTP Request,200,OK,Thread Group 1-13,text,true,191,44,44,658
1559878355204,702,HTTP Request,200,OK,Thread Group 1-1,text,true,191,44,44,701
1559878355204,806,HTTP Request,200,OK,Thread Group 1-11,text,true,191,49,49,805
1559878355308,703,HTTP Request,200,OK,Thread Group 1-16,text,true,191,49,49,703
1559878355220,876,HTTP Request,200,OK,Thread Group 1-12,text,true,191,50,50,876
1559878355369,731,HTTP Request,200,OK,Thread Group 1-19,text,true,191,50,50,731
1559878355349,751,HTTP Request,200,OK,Thread Group 1-18,text,true,191,50,50,751
1559878355258,843,HTTP Request,200,OK,Thread Group 1-14,text,true,191,50,50,843
1559878355329,777,HTTP Request,200,OK,Thread Group 1-17,text,true,191,50,50,777
1559878355392,717,HTTP Request,200,OK,Thread Group 1-20,text,true,191,50,50,717
1559878355288,821,HTTP Request,200,OK,Thread Group 1-15,text,true,191,50,50,821
1559878355406,801,HTTP Request,200,OK,Thread Group 1-3,text,true,191,50,50,801
1559878355412,795,HTTP Request,200,OK,Thread Group 1-4,text,true,191,50,50,795
1559878355423,878,HTTP Request,200,OK,Thread Group 1-21,text,true,191,50,50,877
1559878355434,867,HTTP Request,200,OK,Thread Group 1-22,text,true,191,50,50,867
1559878355455,846,HTTP Request,200,OK,Thread Group 1-23,text,true,191,50,50,846
1559878355497,910,HTTP Request,200,OK,Thread Group 1-5,text,true,191,50,50,910
1559878355497,1001,HTTP Request,200,OK,Thread Group 1-6,text,true,191,50,50,1001
1559878355502,1099,HTTP Request,200,OK,Thread Group 1-7,text,true,191,50,50,1099
1559878355498,1104,HTTP Request,200,OK,Thread Group 1-25,text,true,191,50,50,1104
1559878355505,1096,HTTP Request,200,OK,Thread Group 1-8,text,true,191,50,50,1096
1559878355478,1124,HTTP Request,200,OK,Thread Group 1-24,text,true,191,50,50,1124
1559878355506,1200,HTTP Request,200,OK,Thread Group 1-9,text,true,191,50,50,1200
1559878355507,1199,HTTP Request,200,OK,Thread Group 1-10,text,true,191,50,50,1199
1559878355518,1284,HTTP Request,200,OK,Thread Group 1-26,text,true,191,50,50,1284
1559878355540,1263,HTTP Request,200,OK,Thread Group 1-27,text,true,191,50,50,1262
1559878355604,1204,HTTP Request,200,OK,Thread Group 1-30,text,true,191,50,50,1204
1559878355564,1337,HTTP Request,200,OK,Thread Group 1-28,text,true,191,50,50,1337
1559878355584,1413,HTTP Request,200,OK,Thread Group 1-29,text,true,191,50,50,1413
1559878355644,1452,HTTP Request,200,OK,Thread Group 1-32,text,true,191,50,50,1452
1559878355624,1479,HTTP Request,200,OK,Thread Group 1-31,text,true,191,50,50,1479
1559878355702,1402,HTTP Request,200,OK,Thread Group 1-2,text,true,191,50,50,1402
1559878355665,1439,HTTP Request,200,OK,Thread Group 1-33,text,true,191,50,50,1438
1559878355685,1420,HTTP Request,200,OK,Thread Group 1-34,text,true,191,50,50,1420
1559878355707,1493,HTTP Request,200,OK,Thread Group 1-35,text,true,191,50,50,1493
1559878355726,1578,HTTP Request,200,OK,Thread Group 1-36,text,true,191,50,50,1578
1559878355768,1637,HTTP Request,200,OK,Thread Group 1-38,text,true,191,50,50,1637
1559878355746,1751,HTTP Request,200,OK,Thread Group 1-37,text,true,191,50,50,1751
1559878355809,1688,HTTP Request,200,OK,Thread Group 1-40,text,true,191,50,50,1688
1559878355788,1809,HTTP Request,200,OK,Thread Group 1-39,text,true,191,50,50,1809
1559878355830,1871,HTTP Request,200,OK,Thread Group 1-41,text,true,191,50,50,1871
1559878355873,2024,HTTP Request,200,OK,Thread Group 1-43,text,true,191,50,50,2024
1559878355853,2047,HTTP Request,200,OK,Thread Group 1-42,text,true,191,50,50,2047
1559878355893,2011,HTTP Request,200,OK,Thread Group 1-44,text,true,191,50,50,2011
1559878355905,2000,HTTP Request,200,OK,Thread Group 1-13,text,true,191,50,50,2000
1559878355908,1999,HTTP Request,200,OK,Thread Group 1-1,text,true,191,50,50,1999
1559878355914,2182,HTTP Request,200,OK,Thread Group 1-45,text,true,191,50,50,2182
1559878355955,2146,HTTP Request,200,OK,Thread Group 1-47,text,true,191,50,50,2146
1559878355935,2261,HTTP Request,200,OK,Thread Group 1-46,text,true,191,50,50,2261
1559878355976,2221,HTTP Request,200,OK,Thread Group 1-48,text,true,191,50,50,2221
1559878356009,2188,HTTP Request,200,OK,Thread Group 1-49,text,true,191,50,50,2188
1559878356035,2373,HTTP Request,200,OK,Thread Group 1-16,text,true,191,50,50,2372
1559878356035,2373,HTTP Request,200,OK,Thread Group 1-11,text,true,191,50,50,2373
1559878356017,2490,HTTP Request,200,OK,Thread Group 1-50,text,true,191,50,50,2490
1559878356101,2599,HTTP Request,200,OK,Thread Group 1-18,text,true,191,50,50,2599
1559878356100,2601,HTTP Request,200,OK,Thread Group 1-19,text,true,191,50,50,2601
1559878356102,2599,HTTP Request,200,OK,Thread Group 1-14,text,true,191,50,50,2599
1559878356096,2605,HTTP Request,200,OK,Thread Group 1-12,text,true,191,50,50,2605
1559878356107,2596,HTTP Request,200,OK,Thread Group 1-17,text,true,191,50,50,2596
1559878356109,2593,HTTP Request,200,OK,Thread Group 1-20,text,true,191,50,50,2593
1559878356110,2595,HTTP Request,200,OK,Thread Group 1-15,text,true,191,50,50,2595
1559878356208,2498,HTTP Request,200,OK,Thread Group 1-4,text,true,191,50,50,2498
1559878356208,2499,HTTP Request,200,OK,Thread Group 1-3,text,true,191,50,50,2499
1559878356301,2496,HTTP Request,200,OK,Thread Group 1-22,text,true,191,50,50,2496
1559878356301,2499,HTTP Request,200,OK,Thread Group 1-21,text,true,191,50,50,2499
1559878356302,2507,HTTP Request,200,OK,Thread Group 1-23,text,true,191,50,50,2507
1559878356499,2403,HTTP Request,200,OK,Thread Group 1-6,text,true,191,50,50,2403
1559878356604,2301,HTTP Request,200,OK,Thread Group 1-8,text,true,191,50,50,2301
1559878356603,2304,HTTP Request,200,OK,Thread Group 1-7,text,true,191,50,50,2304
1559878356408,2588,HTTP Request,200,OK,Thread Group 1-5,text,true,191,50,50,2588
1559878356605,2499,HTTP Request,200,OK,Thread Group 1-25,text,true,191,50,50,2499
1559878356605,2498,HTTP Request,200,OK,Thread Group 1-24,text,true,191,50,50,2498
1559878356706,2398,HTTP Request,200,OK,Thread Group 1-9,text,true,191,50,50,2398
1559878356804,2501,HTTP Request,200,OK,Thread Group 1-27,text,true,191,50,50,2501
1559878356804,2704,HTTP Request,200,OK,Thread Group 1-26,text,true,191,50,50,2704
1559878356809,2699,HTTP Request,200,OK,Thread Group 1-30,text,true,191,50,50,2699
1559878356706,2895,HTTP Request,200,OK,Thread Group 1-10,text,true,191,50,50,2895
1559878356998,2604,HTTP Request,200,OK,Thread Group 1-29,text,true,191,50,50,2604
1559878356902,2700,HTTP Request,200,OK,Thread Group 1-28,text,true,191,50,50,2700
1559878357104,2602,HTTP Request,200,OK,Thread Group 1-31,text,true,191,50,50,2601
1559878357097,2609,HTTP Request,200,OK,Thread Group 1-32,text,true,191,50,50,2609
1559878357106,2698,HTTP Request,200,OK,Thread Group 1-2,text,true,191,50,50,2698
1559878357106,2791,HTTP Request,200,OK,Thread Group 1-34,text,true,191,50,50,2790
1559878357106,2794,HTTP Request,200,OK,Thread Group 1-33,text,true,191,50,50,2794
1559878357201,2704,HTTP Request,200,OK,Thread Group 1-35,text,true,191,50,50,2704
1559878357305,2698,HTTP Request,200,OK,Thread Group 1-36,text,true,191,50,50,2698
1559878357407,2700,HTTP Request,200,OK,Thread Group 1-38,text,true,191,50,50,2700
1559878357499,2698,HTTP Request,200,OK,Thread Group 1-40,text,true,191,50,50,2698
1559878357499,2701,HTTP Request,200,OK,Thread Group 1-37,text,true,191,50,50,2701
1559878357598,2700,HTTP Request,200,OK,Thread Group 1-39,text,true,191,50,50,2700
1559878357702,2603,HTTP Request,200,OK,Thread Group 1-41,text,true,191,50,50,2602
1559878357899,2407,HTTP Request,200,OK,Thread Group 1-43,text,true,191,50,50,2407
1559878357901,2498,HTTP Request,200,OK,Thread Group 1-42,text,true,191,50,50,2498
1559878357906,2593,HTTP Request,200,OK,Thread Group 1-44,text,true,191,50,50,2593
1559878357908,2594,HTTP Request,200,OK,Thread Group 1-13,text,true,191,50,50,2594
1559878357909,2595,HTTP Request,200,OK,Thread Group 1-1,text,true,191,50,50,2595
1559878358097,2504,HTTP Request,200,OK,Thread Group 1-45,text,true,191,50,50,2504
1559878358198,2406,HTTP Request,200,OK,Thread Group 1-46,text,true,191,50,50,2406
1559878358102,2504,HTTP Request,200,OK,Thread Group 1-47,text,true,191,50,50,2504
1559878358200,2408,HTTP Request,200,OK,Thread Group 1-49,text,true,191,50,50,2408
1559878358200,2411,HTTP Request,200,OK,Thread Group 1-48,text,true,191,50,50,2411
1559878358409,2202,HTTP Request,200,OK,Thread Group 1-11,text,true,191,50,50,2202
1559878358508,2301,HTTP Request,200,OK,Thread Group 1-50,text,true,191,50,50,2301
1559878358702,2199,HTTP Request,200,OK,Thread Group 1-19,text,true,191,50,50,2199
1559878358703,2402,HTTP Request,200,OK,Thread Group 1-12,text,true,191,50,50,2402
1559878358409,2696,HTTP Request,200,OK,Thread Group 1-16,text,true,191,50,50,2696
1559878358700,2499,HTTP Request,200,OK,Thread Group 1-18,text,true,191,50,50,2499
1559878358703,2497,HTTP Request,200,OK,Thread Group 1-14,text,true,191,50,50,2497
1559878358704,2496,HTTP Request,200,OK,Thread Group 1-17,text,true,191,50,50,2496
1559878358704,2500,HTTP Request,200,OK,Thread Group 1-20,text,true,191,50,50,2500
1559878358707,2595,HTTP Request,200,OK,Thread Group 1-4,text,true,191,50,50,2595
1559878358705,2699,HTTP Request,200,OK,Thread Group 1-15,text,true,191,50,50,2699
1559878358707,2803,HTTP Request,200,OK,Thread Group 1-3,text,true,191,50,50,2803
1559878358797,2911,HTTP Request,200,OK,Thread Group 1-22,text,true,191,50,50,2911
1559878358801,3203,HTTP Request,200,OK,Thread Group 1-21,text,true,191,50,50,3203
1559878358903,3101,HTTP Request,200,OK,Thread Group 1-6,text,true,191,50,50,3101
1559878358906,3199,HTTP Request,200,OK,Thread Group 1-8,text,true,191,50,50,3199
1559878358997,3204,HTTP Request,200,OK,Thread Group 1-5,text,true,191,50,50,3204
1559878358908,3391,HTTP Request,200,OK,Thread Group 1-7,text,true,191,50,50,3391
1559878358809,3493,HTTP Request,200,OK,Thread Group 1-23,text,true,191,50,50,3492
1559878359106,3296,HTTP Request,200,OK,Thread Group 1-25,text,true,191,50,50,3296
1559878359107,3300,HTTP Request,200,OK,Thread Group 1-9,text,true,191,50,50,3300
1559878359107,3389,HTTP Request,200,OK,Thread Group 1-24,text,true,191,50,50,3389
1559878359510,2993,HTTP Request,200,OK,Thread Group 1-26,text,true,191,50,50,2993
1559878359307,3196,HTTP Request,200,OK,Thread Group 1-27,text,true,191,50,50,3196
1559878359510,2999,HTTP Request,200,OK,Thread Group 1-30,text,true,191,50,50,2999
1559878359604,2997,HTTP Request,200,OK,Thread Group 1-29,text,true,191,50,50,2997
1559878359604,3094,HTTP Request,200,OK,Thread Group 1-10,text,true,191,50,50,3093
1559878359806,2900,HTTP Request,200,OK,Thread Group 1-2,text,true,191,50,50,2900
1559878359605,3101,HTTP Request,200,OK,Thread Group 1-28,text,true,191,50,50,3101
1559878359708,3101,HTTP Request,200,OK,Thread Group 1-32,text,true,191,50,50,3100
1559878359708,3295,HTTP Request,200,OK,Thread Group 1-31,text,true,191,50,50,3295
1559878359902,3101,HTTP Request,200,OK,Thread Group 1-33,text,true,191,50,50,3101
1559878360109,3098,HTTP Request,200,OK,Thread Group 1-38,text,true,191,50,50,3098
1559878360005,3202,HTTP Request,200,OK,Thread Group 1-36,text,true,191,50,50,3202
1559878359907,3390,HTTP Request,200,OK,Thread Group 1-35,text,true,191,50,50,3390
1559878359899,3401,HTTP Request,200,OK,Thread Group 1-34,text,true,191,50,50,3401
1559878360199,3101,HTTP Request,200,OK,Thread Group 1-40,text,true,191,50,50,3101
1559878360301,3105,HTTP Request,200,OK,Thread Group 1-39,text,true,191,50,50,3105
1559878360202,3204,HTTP Request,200,OK,Thread Group 1-37,text,true,191,50,50,3204
1559878360306,3192,HTTP Request,200,OK,Thread Group 1-41,text,true,191,50,50,3191
1559878360308,3391,HTTP Request,200,OK,Thread Group 1-43,text,true,191,50,50,3391
1559878360501,3202,HTTP Request,200,OK,Thread Group 1-44,text,true,191,50,50,3202
1559878360504,3299,HTTP Request,200,OK,Thread Group 1-13,text,true,191,50,50,3299
1559878360506,3298,HTTP Request,200,OK,Thread Group 1-1,text,true,191,50,50,3298
1559878360401,3404,HTTP Request,200,OK,Thread Group 1-42,text,true,191,50,50,3404
1559878360602,3207,HTTP Request,200,OK,Thread Group 1-45,text,true,191,50,50,3207
1559878360605,3204,HTTP Request,200,OK,Thread Group 1-46,text,true,191,50,50,3204
1559878360607,3295,HTTP Request,200,OK,Thread Group 1-47,text,true,191,50,50,3295
1559878360613,3484,HTTP Request,200,OK,Thread Group 1-48,text,true,191,50,50,3484
1559878360610,3491,HTTP Request,200,OK,Thread Group 1-49,text,true,191,50,50,3491
1559878360613,3584,HTTP Request,200,OK,Thread Group 1-11,text,true,191,50,50,3584
1559878360811,3392,HTTP Request,200,OK,Thread Group 1-50,text,true,191,50,50,3392
1559878360903,3304,HTTP Request,200,OK,Thread Group 1-19,text,true,191,50,50,3303
1559878361107,3100,HTTP Request,200,OK,Thread Group 1-12,text,true,191,50,50,3100
1559878361201,3106,HTTP Request,200,OK,Thread Group 1-18,text,true,191,50,50,3106
1559878361108,3199,HTTP Request,200,OK,Thread Group 1-16,text,true,191,50,50,3199
1559878361203,3199,HTTP Request,200,OK,Thread Group 1-14,text,true,191,50,50,3199
1559878361204,3302,HTTP Request,200,OK,Thread Group 1-17,text,true,191,50,50,3302
1559878361406,3391,HTTP Request,200,OK,Thread Group 1-15,text,true,191,50,50,3391
1559878361206,3596,HTTP Request,200,OK,Thread Group 1-20,text,true,191,50,50,3596
1559878361305,3497,HTTP Request,200,OK,Thread Group 1-4,text,true,191,50,50,3497
1559878361711,3190,HTTP Request,200,OK,Thread Group 1-22,text,true,191,50,50,3190
1559878361512,3389,HTTP Request,200,OK,Thread Group 1-3,text,true,191,50,50,3389
1559878362007,2994,HTTP Request,200,OK,Thread Group 1-21,text,true,191,50,50,2994
1559878362108,3501,HTTP Request,200,OK,Thread Group 1-8,text,true,191,50,50,3501
1559878362303,3904,HTTP Request,200,OK,Thread Group 1-7,text,true,191,50,50,3904
1559878362204,4095,HTTP Request,200,OK,Thread Group 1-5,text,true,191,50,50,4095
1559878362405,3902,HTTP Request,200,OK,Thread Group 1-25,text,true,191,50,50,3902
1559878362008,4390,HTTP Request,200,OK,Thread Group 1-6,text,true,191,50,50,4390
1559878362506,3897,HTTP Request,200,OK,Thread Group 1-26,text,true,191,50,50,3897
1559878362305,4099,HTTP Request,200,OK,Thread Group 1-23,text,true,191,50,50,4099
1559878362499,3905,HTTP Request,200,OK,Thread Group 1-24,text,true,191,50,50,3905
1559878362410,4088,HTTP Request,200,OK,Thread Group 1-9,text,true,191,50,50,4088
1559878362507,4201,HTTP Request,200,OK,Thread Group 1-27,text,true,191,50,50,4201
1559878362510,4202,HTTP Request,200,OK,Thread Group 1-30,text,true,191,50,50,4202
1559878362602,4110,HTTP Request,200,OK,Thread Group 1-29,text,true,191,50,50,4110
1559878362699,4098,HTTP Request,200,OK,Thread Group 1-10,text,true,191,50,50,4098
1559878362708,4192,HTTP Request,200,OK,Thread Group 1-2,text,true,191,50,50,4192
1559878362708,4194,HTTP Request,200,OK,Thread Group 1-28,text,true,191,50,50,4194
1559878362810,4094,HTTP Request,200,OK,Thread Group 1-32,text,true,191,50,50,4094
1559878363005,3900,HTTP Request,200,OK,Thread Group 1-33,text,true,191,50,50,3900
1559878363209,3891,HTTP Request,200,OK,Thread Group 1-38,text,true,191,50,50,3891
1559878363005,4100,HTTP Request,200,OK,Thread Group 1-31,text,true,191,50,50,4100
1559878363209,4095,HTTP Request,200,OK,Thread Group 1-36,text,true,191,50,50,4095
1559878363302,4104,HTTP Request,200,OK,Thread Group 1-40,text,true,191,50,50,4104
1559878363299,4305,HTTP Request,200,OK,Thread Group 1-35,text,true,191,50,50,4305
1559878363302,4313,HTTP Request,200,OK,Thread Group 1-34,text,true,191,50,50,4313
1559878363409,4593,HTTP Request,200,OK,Thread Group 1-37,text,true,191,50,50,4593
1559878363499,4503,HTTP Request,200,OK,Thread Group 1-41,text,true,191,50,50,4503
1559878363408,4594,HTTP Request,200,OK,Thread Group 1-39,text,true,191,50,50,4594
1559878363704,4398,HTTP Request,200,OK,Thread Group 1-44,text,true,191,50,50,4398
1559878363805,4298,HTTP Request,200,OK,Thread Group 1-13,text,true,191,50,50,4298
1559878363701,4402,HTTP Request,200,OK,Thread Group 1-43,text,true,191,50,50,4402
1559878363805,4301,HTTP Request,200,OK,Thread Group 1-1,text,true,191,50,50,4301
1559878363806,4394,HTTP Request,200,OK,Thread Group 1-42,text,true,191,50,50,4394
1559878363810,4395,HTTP Request,200,OK,Thread Group 1-46,text,true,191,50,50,4395
1559878363810,4490,HTTP Request,200,OK,Thread Group 1-45,text,true,191,50,50,4490
1559878363904,4495,HTTP Request,200,OK,Thread Group 1-47,text,true,191,50,50,4495
1559878364099,4300,HTTP Request,200,OK,Thread Group 1-48,text,true,191,50,50,4300
1559878364102,4601,HTTP Request,200,OK,Thread Group 1-49,text,true,191,50,50,4601
1559878364204,4499,HTTP Request,200,OK,Thread Group 1-50,text,true,191,50,50,4499
1559878364198,4506,HTTP Request,200,OK,Thread Group 1-11,text,true,191,50,50,4506
1559878364208,4497,HTTP Request,200,OK,Thread Group 1-12,text,true,191,50,50,4497
1559878364208,4499,HTTP Request,200,OK,Thread Group 1-19,text,true,191,50,50,4499
1559878364309,4496,HTTP Request,200,OK,Thread Group 1-18,text,true,191,50,50,4495
1559878364309,4588,HTTP Request,200,OK,Thread Group 1-16,text,true,191,50,50,4588
1559878364508,4391,HTTP Request,200,OK,Thread Group 1-17,text,true,191,50,50,4391
1559878364404,4495,HTTP Request,200,OK,Thread Group 1-14,text,true,191,50,50,4495
1559878364804,4493,HTTP Request,200,OK,Thread Group 1-20,text,true,191,50,50,4493
1559878364903,4600,HTTP Request,200,OK,Thread Group 1-3,text,true,191,50,50,4600
1559878364799,4805,HTTP Request,200,OK,Thread Group 1-15,text,true,191,50,50,4805
1559878364805,4805,HTTP Request,200,OK,Thread Group 1-4,text,true,191,50,50,4805
1559878365611,3999,HTTP Request,200,OK,Thread Group 1-8,text,true,191,50,50,3999
1559878364903,4797,HTTP Request,200,OK,Thread Group 1-22,text,true,191,50,50,4797
1559878365003,4699,HTTP Request,200,OK,Thread Group 1-21,text,true,191,50,50,4699
1559878366301,3403,HTTP Request,200,OK,Thread Group 1-5,text,true,191,50,50,3403
1559878366208,3590,HTTP Request,200,OK,Thread Group 1-7,text,true,191,50,50,3590
1559878366309,3593,HTTP Request,200,OK,Thread Group 1-25,text,true,191,50,50,3593
1559878366399,3505,HTTP Request,200,OK,Thread Group 1-6,text,true,191,50,50,3505
1559878366406,3899,HTTP Request,200,OK,Thread Group 1-26,text,true,191,50,50,3898
1559878366407,3898,HTTP Request,200,OK,Thread Group 1-24,text,true,191,50,50,3898
1559878366709,3699,HTTP Request,200,OK,Thread Group 1-27,text,true,191,50,50,3699
1559878366500,3912,HTTP Request,200,OK,Thread Group 1-9,text,true,191,50,50,3912
1559878366713,3790,HTTP Request,200,OK,Thread Group 1-30,text,true,191,50,50,3790
1559878366406,4097,HTTP Request,200,OK,Thread Group 1-23,text,true,191,50,50,4097
1559878366799,3806,HTTP Request,200,OK,Thread Group 1-10,text,true,191,50,50,3806
1559878366713,3987,HTTP Request,200,OK,Thread Group 1-29,text,true,191,50,50,3987
1559878366902,3898,HTTP Request,200,OK,Thread Group 1-2,text,true,191,50,50,3898
1559878366906,3994,HTTP Request,200,OK,Thread Group 1-32,text,true,191,50,50,3993
1559878366907,3994,HTTP Request,200,OK,Thread Group 1-33,text,true,191,50,50,3994
1559878367102,3803,HTTP Request,200,OK,Thread Group 1-38,text,true,191,50,50,3803
1559878366904,4098,HTTP Request,200,OK,Thread Group 1-28,text,true,191,50,50,4098
1559878367107,4001,HTTP Request,200,OK,Thread Group 1-31,text,true,191,50,50,4001
1559878367306,3898,HTTP Request,200,OK,Thread Group 1-36,text,true,191,50,50,3898
1559878367408,3892,HTTP Request,200,OK,Thread Group 1-40,text,true,191,50,50,3892
1559878367606,3694,HTTP Request,200,OK,Thread Group 1-35,text,true,191,50,50,3694
1559878367616,3690,HTTP Request,200,OK,Thread Group 1-34,text,true,191,50,50,3690
1559878368006,3394,HTTP Request,200,OK,Thread Group 1-41,text,true,191,50,50,3394
1559878368006,3491,HTTP Request,200,OK,Thread Group 1-37,text,true,191,50,50,3491
1559878368007,3494,HTTP Request,200,OK,Thread Group 1-39,text,true,191,50,50,3494
1559878368105,3504,HTTP Request,200,OK,Thread Group 1-44,text,true,191,50,50,3504
1559878368106,3595,HTTP Request,200,OK,Thread Group 1-13,text,true,191,50,50,3595
1559878368106,3693,HTTP Request,200,OK,Thread Group 1-43,text,true,191,50,50,3693
1559878368107,3796,HTTP Request,200,OK,Thread Group 1-1,text,true,191,50,50,3795
1559878368206,3698,HTTP Request,200,OK,Thread Group 1-42,text,true,191,50,50,3696
1559878368207,3793,HTTP Request,200,OK,Thread Group 1-46,text,true,191,50,50,3793
1559878368402,3700,HTTP Request,200,OK,Thread Group 1-47,text,true,191,50,50,3699
1559878368402,3898,HTTP Request,200,OK,Thread Group 1-48,text,true,191,50,50,3898
1559878368302,4000,HTTP Request,200,OK,Thread Group 1-45,text,true,191,50,50,4000
1559878368704,3701,HTTP Request,200,OK,Thread Group 1-50,text,true,191,50,50,3701
1559878368704,3796,HTTP Request,200,OK,Thread Group 1-49,text,true,191,50,50,3795
1559878368705,3798,HTTP Request,200,OK,Thread Group 1-11,text,true,191,50,50,3798
1559878368708,3890,HTTP Request,200,OK,Thread Group 1-19,text,true,191,50,50,3890
1559878368706,4000,HTTP Request,200,OK,Thread Group 1-12,text,true,191,50,50,4000
1559878368900,3903,HTTP Request,200,OK,Thread Group 1-16,text,true,191,50,50,3903
1559878368901,3903,HTTP Request,200,OK,Thread Group 1-17,text,true,191,50,50,3902
1559878368806,3998,HTTP Request,200,OK,Thread Group 1-18,text,true,191,50,50,3998
1559878369299,3602,HTTP Request,200,OK,Thread Group 1-20,text,true,191,50,50,3602
1559878368901,4105,HTTP Request,200,OK,Thread Group 1-14,text,true,191,50,50,4104
1559878369606,3500,HTTP Request,200,OK,Thread Group 1-15,text,true,191,50,50,3500
1559878369611,3794,HTTP Request,200,OK,Thread Group 1-4,text,true,191,50,50,3794
1559878369505,3906,HTTP Request,200,OK,Thread Group 1-3,text,true,191,50,50,3906
1559878369612,3892,HTTP Request,200,OK,Thread Group 1-8,text,true,191,50,50,3892
1559878369704,3897,HTTP Request,200,OK,Thread Group 1-21,text,true,191,50,50,3897
1559878369706,4093,HTTP Request,200,OK,Thread Group 1-5,text,true,191,50,50,4093
1559878369800,4106,HTTP Request,200,OK,Thread Group 1-7,text,true,191,50,50,4106
1559878369704,4203,HTTP Request,200,OK,Thread Group 1-22,text,true,191,50,50,4202
1559878369904,4004,HTTP Request,200,OK,Thread Group 1-25,text,true,191,50,50,4003
1559878369908,4094,HTTP Request,200,OK,Thread Group 1-6,text,true,191,50,50,4094
1559878370307,3699,HTTP Request,200,OK,Thread Group 1-24,text,true,191,50,50,3699
1559878370307,3698,HTTP Request,200,OK,Thread Group 1-26,text,true,191,50,50,3698
1559878370505,3793,HTTP Request,200,OK,Thread Group 1-30,text,true,191,50,50,3793
1559878370414,3891,HTTP Request,200,OK,Thread Group 1-9,text,true,191,50,50,3891
1559878370506,3800,HTTP Request,200,OK,Thread Group 1-23,text,true,191,50,50,3800
1559878370410,3898,HTTP Request,200,OK,Thread Group 1-27,text,true,191,50,50,3898
1559878370607,3799,HTTP Request,200,OK,Thread Group 1-10,text,true,191,50,50,3799
1559878370701,3802,HTTP Request,200,OK,Thread Group 1-29,text,true,191,50,50,3802
1559878370802,3800,HTTP Request,200,OK,Thread Group 1-2,text,true,191,50,50,3800
1559878370901,3702,HTTP Request,200,OK,Thread Group 1-32,text,true,191,50,50,3702
1559878370903,3703,HTTP Request,200,OK,Thread Group 1-33,text,true,191,50,50,3703
1559878370906,3794,HTTP Request,200,OK,Thread Group 1-38,text,true,191,50,50,3794
1559878371004,3700,HTTP Request,200,OK,Thread Group 1-28,text,true,191,50,50,3700
1559878371206,3696,HTTP Request,200,OK,Thread Group 1-36,text,true,191,50,50,3696
1559878371110,3794,HTTP Request,200,OK,Thread Group 1-31,text,true,191,50,50,3793
1559878371303,3704,HTTP Request,200,OK,Thread Group 1-35,text,true,191,50,50,3704
1559878371302,3796,HTTP Request,200,OK,Thread Group 1-40,text,true,191,50,50,3795
1559878371401,3807,HTTP Request,200,OK,Thread Group 1-41,text,true,191,50,50,3807
1559878371308,3989,HTTP Request,200,OK,Thread Group 1-34,text,true,191,50,50,3989
1559878371499,3804,HTTP Request,200,OK,Thread Group 1-37,text,true,191,50,50,3804
1559878371611,3791,HTTP Request,200,OK,Thread Group 1-44,text,true,191,50,50,3791
1559878371503,3899,HTTP Request,200,OK,Thread Group 1-39,text,true,191,50,50,3899
1559878371703,3795,HTTP Request,200,OK,Thread Group 1-13,text,true,191,50,50,3795
1559878371801,3802,HTTP Request,200,OK,Thread Group 1-43,text,true,191,50,50,3802
1559878371904,3700,HTTP Request,200,OK,Thread Group 1-1,text,true,191,50,50,3700
1559878371907,3703,HTTP Request,200,OK,Thread Group 1-42,text,true,191,50,50,3703
1559878372103,3600,HTTP Request,200,OK,Thread Group 1-47,text,true,191,50,50,3600
1559878372002,3800,HTTP Request,200,OK,Thread Group 1-46,text,true,191,50,50,3800
1559878372303,3606,HTTP Request,200,OK,Thread Group 1-48,text,true,191,50,50,3606
1559878372304,3701,HTTP Request,200,OK,Thread Group 1-45,text,true,191,50,50,3701
1559878372501,3699,HTTP Request,200,OK,Thread Group 1-49,text,true,191,50,50,3699
1559878372407,3794,HTTP Request,200,OK,Thread Group 1-50,text,true,191,50,50,3794
1559878372600,3702,HTTP Request,200,OK,Thread Group 1-19,text,true,191,50,50,3702
1559878372505,3800,HTTP Request,200,OK,Thread Group 1-11,text,true,191,50,50,3800
1559878372806,3505,HTTP Request,200,OK,Thread Group 1-16,text,true,191,50,50,3505
1559878372707,3696,HTTP Request,200,OK,Thread Group 1-12,text,true,191,50,50,3695
1559878372902,3796,HTTP Request,200,OK,Thread Group 1-20,text,true,191,50,50,3796
1559878372807,3900,HTTP Request,200,OK,Thread Group 1-17,text,true,191,50,50,3900
1559878372808,4096,HTTP Request,200,OK,Thread Group 1-18,text,true,191,50,50,4096
1559878373406,3502,HTTP Request,200,OK,Thread Group 1-4,text,true,191,50,50,3502
1559878373007,3998,HTTP Request,200,OK,Thread Group 1-14,text,true,191,50,50,3997
1559878373108,4003,HTTP Request,200,OK,Thread Group 1-15,text,true,191,50,50,4003
1559878373413,3890,HTTP Request,200,OK,Thread Group 1-3,text,true,191,50,50,3890
1559878373506,3891,HTTP Request,200,OK,Thread Group 1-8,text,true,191,50,50,3891
1559878373602,3799,HTTP Request,200,OK,Thread Group 1-21,text,true,191,50,50,3798
1559878373801,3611,HTTP Request,200,OK,Thread Group 1-5,text,true,191,50,50,3611
1559878373910,3590,HTTP Request,200,OK,Thread Group 1-22,text,true,191,50,50,3590
1559878373910,3592,HTTP Request,200,OK,Thread Group 1-25,text,true,191,50,50,3592
1559878374004,3502,HTTP Request,200,OK,Thread Group 1-6,text,true,191,50,50,3502
1559878373910,3692,HTTP Request,200,OK,Thread Group 1-7,text,true,191,50,50,3692
1559878374007,3599,HTTP Request,200,OK,Thread Group 1-24,text,true,191,50,50,3599
1559878374008,3598,HTTP Request,200,OK,Thread Group 1-26,text,true,191,50,50,3598
1559878374300,3605,HTTP Request,200,OK,Thread Group 1-30,text,true,191,50,50,3605
1559878374308,3696,HTTP Request,200,OK,Thread Group 1-9,text,true,191,50,50,3696
1559878374310,3694,HTTP Request,200,OK,Thread Group 1-27,text,true,191,50,50,3694
1559878374407,3603,HTTP Request,200,OK,Thread Group 1-10,text,true,191,50,50,3603
1559878374308,3792,HTTP Request,200,OK,Thread Group 1-23,text,true,191,50,50,3792
1559878374604,3698,HTTP Request,200,OK,Thread Group 1-2,text,true,191,50,50,3698
1559878374505,3893,HTTP Request,200,OK,Thread Group 1-29,text,true,191,50,50,3893
1559878374701,3806,HTTP Request,200,OK,Thread Group 1-38,text,true,191,50,50,3806
1559878374607,3901,HTTP Request,200,OK,Thread Group 1-33,text,true,191,50,50,3901
1559878374605,3997,HTTP Request,200,OK,Thread Group 1-32,text,true,191,50,50,3997
1559878374905,3794,HTTP Request,200,OK,Thread Group 1-31,text,true,191,50,50,3794
1559878374706,3997,HTTP Request,200,OK,Thread Group 1-28,text,true,191,50,50,3996
1559878374904,3799,HTTP Request,200,OK,Thread Group 1-36,text,true,191,50,50,3799
1559878375210,3592,HTTP Request,200,OK,Thread Group 1-41,text,true,191,50,50,3592
1559878375009,3793,HTTP Request,200,OK,Thread Group 1-35,text,true,191,50,50,3793
1559878375299,3601,HTTP Request,200,OK,Thread Group 1-34,text,true,191,50,50,3601
1559878375099,3899,HTTP Request,200,OK,Thread Group 1-40,text,true,191,50,50,3898
1559878375304,3694,HTTP Request,200,OK,Thread Group 1-37,text,true,191,50,50,3694
1559878375405,3798,HTTP Request,200,OK,Thread Group 1-39,text,true,191,50,50,3798
1559878375405,4299,HTTP Request,200,OK,Thread Group 1-44,text,true,191,50,50,4299
1559878375605,4193,HTTP Request,200,OK,Thread Group 1-43,text,true,191,50,50,4193
1559878375500,4299,HTTP Request,200,OK,Thread Group 1-13,text,true,191,50,50,4298
1559878375611,4488,HTTP Request,200,OK,Thread Group 1-42,text,true,191,50,50,4488
1559878375605,4494,HTTP Request,200,OK,Thread Group 1-1,text,true,191,50,50,4494
1559878375910,4197,HTTP Request,200,OK,Thread Group 1-48,text,true,191,50,50,4196
1559878375804,4400,HTTP Request,200,OK,Thread Group 1-46,text,true,191,50,50,4400
1559878375705,4505,HTTP Request,200,OK,Thread Group 1-47,text,true,191,50,50,4505
1559878376304,4001,HTTP Request,200,OK,Thread Group 1-19,text,true,191,50,50,4001
1559878376306,4001,HTTP Request,200,OK,Thread Group 1-11,text,true,191,50,50,4001
1559878376202,4196,HTTP Request,200,OK,Thread Group 1-49,text,true,191,50,50,4195
1559878376203,4195,HTTP Request,200,OK,Thread Group 1-50,text,true,191,50,50,4194
1559878376313,4086,HTTP Request,200,OK,Thread Group 1-16,text,true,191,50,50,4086
1559878376006,4393,HTTP Request,200,OK,Thread Group 1-45,text,true,191,50,50,4393
1559878376404,4101,HTTP Request,200,OK,Thread Group 1-12,text,true,191,50,50,4101
1559878376699,3900,HTTP Request,200,OK,Thread Group 1-20,text,true,191,50,50,3900
1559878376708,3989,HTTP Request,200,OK,Thread Group 1-17,text,true,191,50,50,3989
1559878376906,3794,HTTP Request,200,OK,Thread Group 1-18,text,true,191,50,50,3794
1559878377006,3798,HTTP Request,200,OK,Thread Group 1-14,text,true,191,50,50,3798
1559878377112,3702,HTTP Request,200,OK,Thread Group 1-15,text,true,191,50,50,3702
1559878376910,3999,HTTP Request,200,OK,Thread Group 1-4,text,true,191,50,50,3999
1559878377399,3601,HTTP Request,200,OK,Thread Group 1-8,text,true,191,50,50,3601
1559878377402,3600,HTTP Request,200,OK,Thread Group 1-21,text,true,191,50,50,3600
1559878377305,3698,HTTP Request,200,OK,Thread Group 1-3,text,true,191,50,50,3698
1559878377414,3685,HTTP Request,200,OK,Thread Group 1-5,text,true,191,50,50,3685
1559878377501,3601,HTTP Request,200,OK,Thread Group 1-22,text,true,191,50,50,3600
1559878377503,3603,HTTP Request,200,OK,Thread Group 1-25,text,true,191,50,50,3603
1559878377507,3699,HTTP Request,200,OK,Thread Group 1-6,text,true,191,50,50,3699
1559878377606,3691,HTTP Request,200,OK,Thread Group 1-7,text,true,191,50,50,3691
1559878377609,3795,HTTP Request,200,OK,Thread Group 1-26,text,true,191,50,50,3795
1559878377608,3892,HTTP Request,200,OK,Thread Group 1-24,text,true,191,50,50,3892
1559878378006,3693,HTTP Request,200,OK,Thread Group 1-9,text,true,191,50,50,3692
1559878377906,3795,HTTP Request,200,OK,Thread Group 1-30,text,true,191,50,50,3794
1559878378012,3691,HTTP Request,200,OK,Thread Group 1-10,text,true,191,50,50,3691
1559878378007,3696,HTTP Request,200,OK,Thread Group 1-27,text,true,191,50,50,3696
1559878378304,3506,HTTP Request,200,OK,Thread Group 1-2,text,true,191,50,50,3506
1559878378101,3797,HTTP Request,200,OK,Thread Group 1-23,text,true,191,50,50,3796
1559878378400,3498,HTTP Request,200,OK,Thread Group 1-29,text,true,191,50,50,3498
1559878378509,3398,HTTP Request,200,OK,Thread Group 1-38,text,true,191,50,50,3398
1559878378604,3497,HTTP Request,200,OK,Thread Group 1-32,text,true,191,50,50,3497
1559878378510,3688,HTTP Request,200,OK,Thread Group 1-33,text,true,191,50,50,3688
1559878378701,3596,HTTP Request,200,OK,Thread Group 1-31,text,true,191,50,50,3596
1559878378705,3598,HTTP Request,200,OK,Thread Group 1-36,text,true,191,50,50,3597
1559878378705,3693,HTTP Request,200,OK,Thread Group 1-28,text,true,191,50,50,3693
1559878378804,3699,HTTP Request,200,OK,Thread Group 1-41,text,true,191,50,50,3699
1559878378804,3800,HTTP Request,200,OK,Thread Group 1-35,text,true,191,50,50,3800
1559878379001,3603,HTTP Request,200,OK,Thread Group 1-37,text,true,191,50,50,3603
1559878379000,3699,HTTP Request,200,OK,Thread Group 1-40,text,true,191,50,50,3699
1559878378902,3800,HTTP Request,200,OK,Thread Group 1-34,text,true,191,50,50,3799
1559878379205,3597,HTTP Request,200,OK,Thread Group 1-39,text,true,191,50,50,3597
1559878379800,3197,HTTP Request,200,OK,Thread Group 1-43,text,true,191,50,50,3197
1559878380101,2899,HTTP Request,200,OK,Thread Group 1-1,text,true,191,50,50,2899
1559878379801,3303,HTTP Request,200,OK,Thread Group 1-13,text,true,191,50,50,3303
1559878379705,3402,HTTP Request,200,OK,Thread Group 1-44,text,true,191,50,50,3402
1559878380108,3296,HTTP Request,200,OK,Thread Group 1-48,text,true,191,50,50,3295
1559878380101,3401,HTTP Request,200,OK,Thread Group 1-42,text,true,191,50,50,3401
1559878380309,3497,HTTP Request,200,OK,Thread Group 1-11,text,true,191,50,50,3497
1559878380306,3500,HTTP Request,200,OK,Thread Group 1-19,text,true,191,50,50,3500
1559878380401,3500,HTTP Request,200,OK,Thread Group 1-49,text,true,191,50,50,3499
1559878380205,3699,HTTP Request,200,OK,Thread Group 1-46,text,true,191,50,50,3699
1559878380211,3693,HTTP Request,200,OK,Thread Group 1-47,text,true,191,50,50,3693
1559878380403,3598,HTTP Request,200,OK,Thread Group 1-16,text,true,191,50,50,3597
1559878380401,3600,HTTP Request,200,OK,Thread Group 1-50,text,true,191,50,50,3600
1559878380403,3697,HTTP Request,200,OK,Thread Group 1-45,text,true,191,50,50,3697
1559878380507,3693,HTTP Request,200,OK,Thread Group 1-12,text,true,191,50,50,3693
1559878380699,3705,HTTP Request,200,OK,Thread Group 1-17,text,true,191,50,50,3705
1559878380701,3796,HTTP Request,200,OK,Thread Group 1-18,text,true,191,50,50,3796
1559878380601,3901,HTTP Request,200,OK,Thread Group 1-20,text,true,191,50,50,3900
1559878380910,3598,HTTP Request,200,OK,Thread Group 1-4,text,true,191,50,50,3598
1559878380816,3885,HTTP Request,200,OK,Thread Group 1-15,text,true,191,50,50,3884
1559878380806,3898,HTTP Request,200,OK,Thread Group 1-14,text,true,191,50,50,3898
1559878381002,3896,HTTP Request,200,OK,Thread Group 1-8,text,true,191,50,50,3896
1559878381101,3803,HTTP Request,200,OK,Thread Group 1-5,text,true,191,50,50,3803
1559878381006,3996,HTTP Request,200,OK,Thread Group 1-21,text,true,191,50,50,3996
1559878381007,3997,HTTP Request,200,OK,Thread Group 1-3,text,true,191,50,50,3997
1559878381103,3901,HTTP Request,200,OK,Thread Group 1-22,text,true,191,50,50,3901
1559878381207,3896,HTTP Request,200,OK,Thread Group 1-6,text,true,191,50,50,3896
1559878381107,3997,HTTP Request,200,OK,Thread Group 1-25,text,true,191,50,50,3996
1559878381301,3998,HTTP Request,200,OK,Thread Group 1-7,text,true,191,50,50,3998
1559878381408,3900,HTTP Request,200,OK,Thread Group 1-26,text,true,191,50,50,3900
1559878381502,3901,HTTP Request,200,OK,Thread Group 1-24,text,true,191,50,50,3900
1559878381701,3704,HTTP Request,200,OK,Thread Group 1-9,text,true,191,50,50,3704
1559878381702,3896,HTTP Request,200,OK,Thread Group 1-30,text,true,191,50,50,3896
1559878381705,3992,HTTP Request,200,OK,Thread Group 1-10,text,true,191,50,50,3992
1559878381901,3800,HTTP Request,200,OK,Thread Group 1-29,text,true,191,50,50,3800
1559878381812,3889,HTTP Request,200,OK,Thread Group 1-2,text,true,191,50,50,3889
1559878381705,4093,HTTP Request,200,OK,Thread Group 1-27,text,true,191,50,50,4093
1559878381904,3897,HTTP Request,200,OK,Thread Group 1-23,text,true,191,50,50,3897
1559878382103,3704,HTTP Request,200,OK,Thread Group 1-32,text,true,191,50,50,3704
1559878381909,3991,HTTP Request,200,OK,Thread Group 1-38,text,true,191,50,50,3991
1559878382199,3907,HTTP Request,200,OK,Thread Group 1-33,text,true,191,50,50,3907
1559878382299,3808,HTTP Request,200,OK,Thread Group 1-31,text,true,191,50,50,3808
1559878382304,3803,HTTP Request,200,OK,Thread Group 1-36,text,true,191,50,50,3803
1559878382400,3805,HTTP Request,200,OK,Thread Group 1-28,text,true,191,50,50,3805
1559878382606,3794,HTTP Request,200,OK,Thread Group 1-35,text,true,191,50,50,3794
1559878382505,3895,HTTP Request,200,OK,Thread Group 1-41,text,true,191,50,50,3895
1559878382703,3797,HTTP Request,200,OK,Thread Group 1-34,text,true,191,50,50,3797
1559878382700,3802,HTTP Request,200,OK,Thread Group 1-40,text,true,191,50,50,3802
1559878382606,3991,HTTP Request,200,OK,Thread Group 1-37,text,true,191,50,50,3991
1559878382805,3895,HTTP Request,200,OK,Thread Group 1-39,text,true,191,50,50,3895
1559878383000,3800,HTTP Request,200,OK,Thread Group 1-43,text,true,191,50,50,3800
1559878383002,3799,HTTP Request,200,OK,Thread Group 1-1,text,true,191,50,50,3799
1559878383106,3993,HTTP Request,200,OK,Thread Group 1-13,text,true,191,50,50,3993
1559878383405,3805,HTTP Request,200,OK,Thread Group 1-48,text,true,191,50,50,3805
1559878383504,3707,HTTP Request,200,OK,Thread Group 1-42,text,true,191,50,50,3707
1559878383109,4188,HTTP Request,200,OK,Thread Group 1-44,text,true,191,50,50,4188
1559878383808,3491,HTTP Request,200,OK,Thread Group 1-11,text,true,191,50,50,3491
1559878383808,3496,HTTP Request,200,OK,Thread Group 1-19,text,true,191,50,50,3496
1559878383903,3502,HTTP Request,200,OK,Thread Group 1-49,text,true,191,50,50,3502
1559878383906,3593,HTTP Request,200,OK,Thread Group 1-46,text,true,191,50,50,3593
1559878383906,3791,HTTP Request,200,OK,Thread Group 1-47,text,true,191,50,50,3791
1559878384003,3695,HTTP Request,200,OK,Thread Group 1-50,text,true,191,50,50,3694
1559878384002,3698,HTTP Request,200,OK,Thread Group 1-16,text,true,191,50,50,3698
1559878384102,3804,HTTP Request,200,OK,Thread Group 1-45,text,true,191,50,50,3804
1559878384202,3798,HTTP Request,200,OK,Thread Group 1-12,text,true,191,50,50,3798
1559878384406,3692,HTTP Request,200,OK,Thread Group 1-17,text,true,191,50,50,3692
1559878384500,3602,HTTP Request,200,OK,Thread Group 1-18,text,true,191,50,50,3602
1559878384503,3599,HTTP Request,200,OK,Thread Group 1-20,text,true,191,50,50,3599
1559878384510,3689,HTTP Request,200,OK,Thread Group 1-4,text,true,191,50,50,3689
1559878384702,3597,HTTP Request,200,OK,Thread Group 1-15,text,true,191,50,50,3597
1559878384705,3595,HTTP Request,200,OK,Thread Group 1-14,text,true,191,50,50,3595
1559878384906,3691,HTTP Request,200,OK,Thread Group 1-5,text,true,191,50,50,3691
1559878384900,3705,HTTP Request,200,OK,Thread Group 1-8,text,true,191,50,50,3705
1559878385005,3697,HTTP Request,200,OK,Thread Group 1-21,text,true,191,50,50,3697
1559878385006,3700,HTTP Request,200,OK,Thread Group 1-3,text,true,191,50,50,3700
1559878385006,3798,HTTP Request,200,OK,Thread Group 1-22,text,true,191,50,50,3798
1559878385105,3702,HTTP Request,200,OK,Thread Group 1-6,text,true,191,50,50,3702
1559878385106,3893,HTTP Request,200,OK,Thread Group 1-25,text,true,191,50,50,3893
1559878385310,3694,HTTP Request,200,OK,Thread Group 1-26,text,true,191,50,50,3694
1559878385301,3801,HTTP Request,200,OK,Thread Group 1-7,text,true,191,50,50,3801
1559878385600,3602,HTTP Request,200,OK,Thread Group 1-30,text,true,191,50,50,3601
1559878385406,3796,HTTP Request,200,OK,Thread Group 1-9,text,true,191,50,50,3795
1559878385405,3798,HTTP Request,200,OK,Thread Group 1-24,text,true,191,50,50,3798
1559878385699,3604,HTTP Request,200,OK,Thread Group 1-10,text,true,191,50,50,3604
1559878385704,3600,HTTP Request,200,OK,Thread Group 1-2,text,true,191,50,50,3600
1559878385704,3701,HTTP Request,200,OK,Thread Group 1-29,text,true,191,50,50,3701
1559878385803,3901,HTTP Request,200,OK,Thread Group 1-23,text,true,191,50,50,3901
1559878385808,3896,HTTP Request,200,OK,Thread Group 1-32,text,true,191,50,50,3896
1559878386107,3693,HTTP Request,200,OK,Thread Group 1-33,text,true,191,50,50,3693
1559878385799,4103,HTTP Request,200,OK,Thread Group 1-27,text,true,191,50,50,4103
1559878385902,4004,HTTP Request,200,OK,Thread Group 1-38,text,true,191,50,50,4004
1559878386109,3891,HTTP Request,200,OK,Thread Group 1-36,text,true,191,50,50,3891
1559878386109,3894,HTTP Request,200,OK,Thread Group 1-31,text,true,191,50,50,3894
1559878386207,3890,HTTP Request,200,OK,Thread Group 1-28,text,true,191,50,50,3890
1559878386401,3804,HTTP Request,200,OK,Thread Group 1-35,text,true,191,50,50,3804
1559878386403,3802,HTTP Request,200,OK,Thread Group 1-41,text,true,191,50,50,3802
1559878386503,3794,HTTP Request,200,OK,Thread Group 1-34,text,true,191,50,50,3794
1559878386505,3798,HTTP Request,200,OK,Thread Group 1-40,text,true,191,50,50,3798
1559878386599,3905,HTTP Request,200,OK,Thread Group 1-37,text,true,191,50,50,3905
1559878386802,3900,HTTP Request,200,OK,Thread Group 1-43,text,true,191,50,50,3900
1559878386702,4000,HTTP Request,200,OK,Thread Group 1-39,text,true,191,50,50,4000
1559878386804,3901,HTTP Request,200,OK,Thread Group 1-1,text,true,191,50,50,3901
1559878387101,3605,HTTP Request,200,OK,Thread Group 1-13,text,true,191,50,50,3604
1559878387213,3699,HTTP Request,200,OK,Thread Group 1-42,text,true,191,50,50,3699
1559878387212,3790,HTTP Request,200,OK,Thread Group 1-48,text,true,191,50,50,3790
1559878387299,3705,HTTP Request,200,OK,Thread Group 1-44,text,true,191,50,50,3705
1559878387301,3997,HTTP Request,200,OK,Thread Group 1-11,text,true,191,50,50,3997
1559878387306,4094,HTTP Request,200,OK,Thread Group 1-19,text,true,191,50,50,4094
1559878387502,3899,HTTP Request,200,OK,Thread Group 1-46,text,true,191,50,50,3898
1559878387407,3997,HTTP Request,200,OK,Thread Group 1-49,text,true,191,50,50,3996
1559878387702,4095,HTTP Request,200,OK,Thread Group 1-16,text,true,191,50,50,4095
1559878387700,4098,HTTP Request,200,OK,Thread Group 1-50,text,true,191,50,50,4097
1559878387908,3893,HTTP Request,200,OK,Thread Group 1-45,text,true,191,50,50,3893
1559878387700,4305,HTTP Request,200,OK,Thread Group 1-47,text,true,191,50,50,4304
1559878388104,3998,HTTP Request,200,OK,Thread Group 1-18,text,true,191,50,50,3998
1559878388002,4201,HTTP Request,200,OK,Thread Group 1-12,text,true,191,50,50,4201
1559878388105,4099,HTTP Request,200,OK,Thread Group 1-20,text,true,191,50,50,4098
1559878388200,4005,HTTP Request,200,OK,Thread Group 1-4,text,true,191,50,50,4005
1559878388301,3907,HTTP Request,200,OK,Thread Group 1-15,text,true,191,50,50,3907
1559878388100,4108,HTTP Request,200,OK,Thread Group 1-17,text,true,191,50,50,4108
1559878388599,3898,HTTP Request,200,OK,Thread Group 1-5,text,true,191,50,50,3898
1559878388302,4295,HTTP Request,200,OK,Thread Group 1-14,text,true,191,50,50,4295
1559878388704,3895,HTTP Request,200,OK,Thread Group 1-21,text,true,191,50,50,3895
1559878388607,4090,HTTP Request,200,OK,Thread Group 1-8,text,true,191,50,50,4090
1559878388806,4301,HTTP Request,200,OK,Thread Group 1-22,text,true,191,50,50,4301
1559878388707,4493,HTTP Request,200,OK,Thread Group 1-3,text,true,191,50,50,4492
1559878388809,4489,HTTP Request,200,OK,Thread Group 1-6,text,true,191,50,50,4489
1559878389006,4593,HTTP Request,200,OK,Thread Group 1-26,text,true,191,50,50,4593
1559878389001,4598,HTTP Request,200,OK,Thread Group 1-25,text,true,191,50,50,4598
1559878389104,4499,HTTP Request,200,OK,Thread Group 1-7,text,true,191,50,50,4499
1559878389204,4500,HTTP Request,200,OK,Thread Group 1-9,text,true,191,50,50,4499
1559878389204,4502,HTTP Request,200,OK,Thread Group 1-30,text,true,191,50,50,4501
1559878389306,4493,HTTP Request,200,OK,Thread Group 1-10,text,true,191,50,50,4493
1559878389407,4392,HTTP Request,200,OK,Thread Group 1-29,text,true,191,50,50,4392
1559878389706,4199,HTTP Request,200,OK,Thread Group 1-32,text,true,191,50,50,4199
1559878389306,4599,HTTP Request,200,OK,Thread Group 1-2,text,true,191,50,50,4599
1559878389205,4700,HTTP Request,200,OK,Thread Group 1-24,text,true,191,50,50,4700
1559878389801,4208,HTTP Request,200,OK,Thread Group 1-33,text,true,191,50,50,4208
1559878389706,4391,HTTP Request,200,OK,Thread Group 1-23,text,true,191,50,50,4391
1559878389904,4498,HTTP Request,200,OK,Thread Group 1-27,text,true,191,50,50,4498
1559878390003,4398,HTTP Request,200,OK,Thread Group 1-36,text,true,191,50,50,4398
1559878389907,4691,HTTP Request,200,OK,Thread Group 1-38,text,true,191,50,50,4691
1559878390207,4391,HTTP Request,200,OK,Thread Group 1-35,text,true,191,50,50,4391
1559878390004,4693,HTTP Request,200,OK,Thread Group 1-31,text,true,191,50,50,4693
1559878390099,4904,HTTP Request,200,OK,Thread Group 1-28,text,true,191,50,50,4903
1559878390299,4704,HTTP Request,200,OK,Thread Group 1-34,text,true,191,50,50,4704
1559878390208,5096,HTTP Request,200,OK,Thread Group 1-41,text,true,191,50,50,5096
1559878390506,4800,HTTP Request,200,OK,Thread Group 1-37,text,true,191,50,50,4800
1559878390305,5199,HTTP Request,200,OK,Thread Group 1-40,text,true,191,50,50,5199
1559878390706,4799,HTTP Request,200,OK,Thread Group 1-43,text,true,191,50,50,4799
1559878390706,4901,HTTP Request,200,OK,Thread Group 1-39,text,true,191,50,50,4901
1559878390708,4991,HTTP Request,200,OK,Thread Group 1-13,text,true,191,50,50,4991
1559878390914,4785,HTTP Request,200,OK,Thread Group 1-42,text,true,191,50,50,4785
1559878390708,4992,HTTP Request,200,OK,Thread Group 1-1,text,true,191,50,50,4991
1559878391005,4892,HTTP Request,200,OK,Thread Group 1-48,text,true,191,50,50,4892
1559878391006,4896,HTTP Request,200,OK,Thread Group 1-44,text,true,191,50,50,4896
1559878391300,4703,HTTP Request,200,OK,Thread Group 1-11,text,true,191,50,50,4702
1559878391404,4801,HTTP Request,200,OK,Thread Group 1-46,text,true,191,50,50,4801
1559878391402,4906,HTTP Request,200,OK,Thread Group 1-19,text,true,191,50,50,4906
1559878391800,4510,HTTP Request,200,OK,Thread Group 1-16,text,true,191,50,50,4510
1559878391405,4997,HTTP Request,200,OK,Thread Group 1-49,text,true,191,50,50,4997
1559878391800,4703,HTTP Request,200,OK,Thread Group 1-50,text,true,191,50,50,4703
1559878392007,4499,HTTP Request,200,OK,Thread Group 1-47,text,true,191,50,50,4499
1559878391803,4797,HTTP Request,200,OK,Thread Group 1-45,text,true,191,50,50,4797
1559878392104,4598,HTTP Request,200,OK,Thread Group 1-18,text,true,191,50,50,4598
1559878392206,4604,HTTP Request,200,OK,Thread Group 1-12,text,true,191,50,50,4604
1559878392207,4695,HTTP Request,200,OK,Thread Group 1-20,text,true,191,50,50,4695
1559878392207,4701,HTTP Request,200,OK,Thread Group 1-4,text,true,191,50,50,4701
1559878392210,4991,HTTP Request,200,OK,Thread Group 1-17,text,true,191,50,50,4991
1559878392210,5094,HTTP Request,200,OK,Thread Group 1-15,text,true,191,50,50,5094
1559878392499,4806,HTTP Request,200,OK,Thread Group 1-5,text,true,191,50,50,4806
1559878392600,4799,HTTP Request,200,OK,Thread Group 1-14,text,true,191,50,50,4798
1559878392601,4801,HTTP Request,200,OK,Thread Group 1-21,text,true,191,50,50,4801
1559878392699,4807,HTTP Request,200,OK,Thread Group 1-8,text,true,191,50,50,4807
1559878393108,4494,HTTP Request,200,OK,Thread Group 1-22,text,true,191,50,50,4494
1559878393202,4403,HTTP Request,200,OK,Thread Group 1-3,text,true,191,50,50,4403
1559878393300,4311,HTTP Request,200,OK,Thread Group 1-6,text,true,191,50,50,4311
1559878393601,4197,HTTP Request,200,OK,Thread Group 1-26,text,true,191,50,50,4197
1559878393602,4298,HTTP Request,200,OK,Thread Group 1-25,text,true,191,50,50,4298
1559878393605,4297,HTTP Request,200,OK,Thread Group 1-7,text,true,191,50,50,4297
1559878393705,4393,HTTP Request,200,OK,Thread Group 1-9,text,true,191,50,50,4393
1559878393707,4392,HTTP Request,200,OK,Thread Group 1-30,text,true,191,50,50,4392
1559878393801,4302,HTTP Request,200,OK,Thread Group 1-10,text,true,191,50,50,4302
1559878393802,4502,HTTP Request,200,OK,Thread Group 1-29,text,true,191,50,50,4502
1559878394099,4311,HTTP Request,200,OK,Thread Group 1-23,text,true,191,50,50,4311
1559878394011,4488,HTTP Request,200,OK,Thread Group 1-33,text,true,191,50,50,4488
1559878393908,4593,HTTP Request,200,OK,Thread Group 1-32,text,true,191,50,50,4593
1559878393908,4693,HTTP Request,200,OK,Thread Group 1-2,text,true,191,50,50,4693
1559878393909,4693,HTTP Request,200,OK,Thread Group 1-24,text,true,191,50,50,4693
1559878394600,4111,HTTP Request,200,OK,Thread Group 1-38,text,true,191,50,50,4111
1559878394404,4307,HTTP Request,200,OK,Thread Group 1-27,text,true,191,50,50,4307
1559878394404,4501,HTTP Request,200,OK,Thread Group 1-36,text,true,191,50,50,4501
1559878394601,4305,HTTP Request,200,OK,Thread Group 1-35,text,true,191,50,50,4305
1559878394699,4305,HTTP Request,200,OK,Thread Group 1-31,text,true,191,50,50,4305
1559878395005,3998,HTTP Request,200,OK,Thread Group 1-34,text,true,191,50,50,3998
1559878395306,4300,HTTP Request,200,OK,Thread Group 1-41,text,true,191,50,50,4300
1559878395610,4087,HTTP Request,200,OK,Thread Group 1-39,text,true,191,50,50,4087
1559878395701,4004,HTTP Request,200,OK,Thread Group 1-13,text,true,191,50,50,4004
1559878395005,4801,HTTP Request,200,OK,Thread Group 1-28,text,true,191,50,50,4801
1559878395507,4394,HTTP Request,200,OK,Thread Group 1-43,text,true,191,50,50,4394
1559878395506,4493,HTTP Request,200,OK,Thread Group 1-40,text,true,191,50,50,4493
1559878395308,4691,HTTP Request,200,OK,Thread Group 1-37,text,true,191,50,50,4691
1559878395702,4699,HTTP Request,200,OK,Thread Group 1-42,text,true,191,50,50,4699
1559878395703,4802,HTTP Request,200,OK,Thread Group 1-1,text,true,191,50,50,4802
1559878395903,4902,HTTP Request,200,OK,Thread Group 1-44,text,true,191,50,50,4902
1559878396310,4588,HTTP Request,200,OK,Thread Group 1-19,text,true,191,50,50,4588
1559878395899,5001,HTTP Request,200,OK,Thread Group 1-48,text,true,191,50,50,5001
1559878396206,4694,HTTP Request,200,OK,Thread Group 1-46,text,true,191,50,50,4693
1559878396004,4900,HTTP Request,200,OK,Thread Group 1-11,text,true,191,50,50,4900
1559878396311,4789,HTTP Request,200,OK,Thread Group 1-16,text,true,191,50,50,4789
1559878396404,4794,HTTP Request,200,OK,Thread Group 1-49,text,true,191,50,50,4793
1559878396601,4601,HTTP Request,200,OK,Thread Group 1-45,text,true,191,50,50,4601
1559878396505,4698,HTTP Request,200,OK,Thread Group 1-50,text,true,191,50,50,4698
1559878396507,4697,HTTP Request,200,OK,Thread Group 1-47,text,true,191,50,50,4696
1559878396704,4694,HTTP Request,200,OK,Thread Group 1-18,text,true,191,50,50,4694
1559878396904,4605,HTTP Request,200,OK,Thread Group 1-20,text,true,191,50,50,4605
1559878396811,4789,HTTP Request,200,OK,Thread Group 1-12,text,true,191,50,50,4789
1559878396909,4699,HTTP Request,200,OK,Thread Group 1-4,text,true,191,50,50,4699
1559878397203,4502,HTTP Request,200,OK,Thread Group 1-17,text,true,191,50,50,4502
1559878397308,4498,HTTP Request,200,OK,Thread Group 1-5,text,true,191,50,50,4498
1559878397307,4499,HTTP Request,200,OK,Thread Group 1-15,text,true,191,50,50,4499
1559878397404,4500,HTTP Request,200,OK,Thread Group 1-21,text,true,191,50,50,4500
1559878397400,4505,HTTP Request,200,OK,Thread Group 1-14,text,true,191,50,50,4505
1559878397508,4496,HTTP Request,200,OK,Thread Group 1-8,text,true,191,50,50,4495
1559878397606,4693,HTTP Request,200,OK,Thread Group 1-3,text,true,191,50,50,4693
1559878397603,4696,HTTP Request,200,OK,Thread Group 1-22,text,true,191,50,50,4696
1559878397612,4988,HTTP Request,200,OK,Thread Group 1-6,text,true,191,50,50,4988
1559878397800,4803,HTTP Request,200,OK,Thread Group 1-26,text,true,191,50,50,4803
1559878397902,4796,HTTP Request,200,OK,Thread Group 1-25,text,true,191,50,50,4796
1559878397904,4794,HTTP Request,200,OK,Thread Group 1-7,text,true,191,50,50,4794
1559878398099,4599,HTTP Request,200,OK,Thread Group 1-9,text,true,191,50,50,4599
1559878398100,4699,HTTP Request,200,OK,Thread Group 1-30,text,true,191,50,50,4699
1559878398104,4696,HTTP Request,200,OK,Thread Group 1-10,text,true,191,50,50,4696
1559878398306,4701,HTTP Request,200,OK,Thread Group 1-29,text,true,191,50,50,4701
1559878398412,4595,HTTP Request,200,OK,Thread Group 1-23,text,true,191,50,50,4595
1559878398500,4702,HTTP Request,200,OK,Thread Group 1-33,text,true,191,50,50,4702
1559878398603,4895,HTTP Request,200,OK,Thread Group 1-24,text,true,191,50,50,4895
1559878398502,4998,HTTP Request,200,OK,Thread Group 1-32,text,true,191,50,50,4998
1559878398603,4899,HTTP Request,200,OK,Thread Group 1-2,text,true,191,50,50,4899
1559878398713,4791,HTTP Request,200,OK,Thread Group 1-27,text,true,191,50,50,4791
1559878398713,4889,HTTP Request,200,OK,Thread Group 1-38,text,true,191,50,50,4889
1559878398907,4892,HTTP Request,200,OK,Thread Group 1-36,text,true,191,50,50,4892
1559878398909,4891,HTTP Request,200,OK,Thread Group 1-35,text,true,191,50,50,4891
1559878399006,4798,HTTP Request,200,OK,Thread Group 1-31,text,true,191,50,50,4798
1559878399006,4901,HTTP Request,200,OK,Thread Group 1-34,text,true,191,50,50,4901
1559878399605,4697,HTTP Request,200,OK,Thread Group 1-41,text,true,191,50,50,4697
1559878399698,4709,HTTP Request,200,OK,Thread Group 1-39,text,true,191,50,50,4709
1559878399706,4795,HTTP Request,200,OK,Thread Group 1-13,text,true,191,50,50,4795
1559878399903,4705,HTTP Request,200,OK,Thread Group 1-43,text,true,191,50,50,4704
1559878399807,4998,HTTP Request,200,OK,Thread Group 1-28,text,true,191,50,50,4998
1559878400401,4405,HTTP Request,200,OK,Thread Group 1-42,text,true,191,50,50,4405
1559878400001,4896,HTTP Request,200,OK,Thread Group 1-37,text,true,191,50,50,4896
1559878400000,4904,HTTP Request,200,OK,Thread Group 1-40,text,true,191,50,50,4904
1559878400505,4492,HTTP Request,200,OK,Thread Group 1-1,text,true,191,50,50,4492
1559878400899,4198,HTTP Request,200,OK,Thread Group 1-19,text,true,191,50,50,4198
1559878400806,4291,HTTP Request,200,OK,Thread Group 1-44,text,true,191,50,50,4291
1559878400902,4195,HTTP Request,200,OK,Thread Group 1-48,text,true,191,50,50,4195
1559878400902,4300,HTTP Request,200,OK,Thread Group 1-46,text,true,191,50,50,4300
1559878400904,4302,HTTP Request,200,OK,Thread Group 1-11,text,true,191,50,50,4302
1559878401101,4297,HTTP Request,200,OK,Thread Group 1-16,text,true,191,50,50,4297
1559878401198,4202,HTTP Request,200,OK,Thread Group 1-49,text,true,191,50,50,4202
1559878401204,4199,HTTP Request,200,OK,Thread Group 1-45,text,true,191,50,50,4199
1559878401205,4404,HTTP Request,200,OK,Thread Group 1-47,text,true,191,50,50,4404
1559878401205,4492,HTTP Request,200,OK,Thread Group 1-50,text,true,191,50,50,4492
1559878401399,4503,HTTP Request,200,OK,Thread Group 1-18,text,true,191,50,50,4503
1559878401509,4394,HTTP Request,200,OK,Thread Group 1-20,text,true,191,50,50,4394
1559878401608,4388,HTTP Request,200,OK,Thread Group 1-4,text,true,191,50,50,4388
1559878401601,4500,HTTP Request,200,OK,Thread Group 1-12,text,true,191,50,50,4500
1559878401706,4396,HTTP Request,200,OK,Thread Group 1-17,text,true,191,50,50,4395
1559878401807,4391,HTTP Request,200,OK,Thread Group 1-5,text,true,191,50,50,4391
1559878401807,4392,HTTP Request,200,OK,Thread Group 1-15,text,true,191,50,50,4392
1559878402300,4200,HTTP Request,200,OK,Thread Group 1-3,text,true,191,50,50,4200
1559878402300,4298,HTTP Request,200,OK,Thread Group 1-22,text,true,191,50,50,4298
1559878401906,4692,HTTP Request,200,OK,Thread Group 1-14,text,true,191,50,50,4692
1559878402004,4595,HTTP Request,200,OK,Thread Group 1-8,text,true,191,50,50,4595
1559878401906,4696,HTTP Request,200,OK,Thread Group 1-21,text,true,191,50,50,4696
1559878402699,4203,HTTP Request,200,OK,Thread Group 1-7,text,true,191,50,50,4203
1559878402601,4302,HTTP Request,200,OK,Thread Group 1-6,text,true,191,50,50,4302
1559878402603,4395,HTTP Request,200,OK,Thread Group 1-26,text,true,191,50,50,4395
1559878402699,4304,HTTP Request,200,OK,Thread Group 1-25,text,true,191,50,50,4304
1559878402800,4308,HTTP Request,200,OK,Thread Group 1-30,text,true,191,50,50,4308
1559878402802,4400,HTTP Request,200,OK,Thread Group 1-10,text,true,191,50,50,4400
1559878402700,4505,HTTP Request,200,OK,Thread Group 1-9,text,true,191,50,50,4505
1559878403008,4197,HTTP Request,200,OK,Thread Group 1-29,text,true,191,50,50,4197
1559878403203,4394,HTTP Request,200,OK,Thread Group 1-33,text,true,191,50,50,4393
1559878403008,4589,HTTP Request,200,OK,Thread Group 1-23,text,true,191,50,50,4588
1559878403502,4201,HTTP Request,200,OK,Thread Group 1-32,text,true,191,50,50,4201
1559878403499,4304,HTTP Request,200,OK,Thread Group 1-24,text,true,191,50,50,4304
1559878403503,4302,HTTP Request,200,OK,Thread Group 1-2,text,true,191,50,50,4301
1559878403505,4395,HTTP Request,200,OK,Thread Group 1-27,text,true,191,50,50,4395
1559878403603,4400,HTTP Request,200,OK,Thread Group 1-38,text,true,191,50,50,4400
1559878403804,4200,HTTP Request,200,OK,Thread Group 1-31,text,true,191,50,50,4200
1559878403799,4206,HTTP Request,200,OK,Thread Group 1-36,text,true,191,50,50,4205
1559878403801,4304,HTTP Request,200,OK,Thread Group 1-35,text,true,191,50,50,4304
1559878403908,4293,HTTP Request,200,OK,Thread Group 1-34,text,true,191,50,50,4293
1559878404305,4001,HTTP Request,200,OK,Thread Group 1-41,text,true,191,50,50,4001
1559878404610,4290,HTTP Request,200,OK,Thread Group 1-43,text,true,191,50,50,4290
1559878404410,4490,HTTP Request,200,OK,Thread Group 1-39,text,true,191,50,50,4490
1559878404503,4398,HTTP Request,200,OK,Thread Group 1-13,text,true,191,50,50,4398
1559878404808,4200,HTTP Request,200,OK,Thread Group 1-28,text,true,191,50,50,4200
1559878404809,4201,HTTP Request,200,OK,Thread Group 1-42,text,true,191,50,50,4201
1559878404999,4311,HTTP Request,200,OK,Thread Group 1-1,text,true,191,50,50,4311
1559878404900,4498,HTTP Request,200,OK,Thread Group 1-37,text,true,191,50,50,4498
1559878404907,4494,HTTP Request,200,OK,Thread Group 1-40,text,true,191,50,50,4494
1559878405101,4300,HTTP Request,200,OK,Thread Group 1-19,text,true,191,50,50,4300
1559878405101,4396,HTTP Request,200,OK,Thread Group 1-44,text,true,191,50,50,4396
1559878405101,4503,HTTP Request,200,OK,Thread Group 1-48,text,true,191,50,50,4503
1559878405207,4494,HTTP Request,200,OK,Thread Group 1-46,text,true,191,50,50,4494
1559878405210,4493,HTTP Request,200,OK,Thread Group 1-11,text,true,191,50,50,4493
1559878405402,4396,HTTP Request,200,OK,Thread Group 1-16,text,true,191,50,50,4396
1559878405403,4603,HTTP Request,200,OK,Thread Group 1-49,text,true,191,50,50,4603
1559878405612,4399,HTTP Request,200,OK,Thread Group 1-47,text,true,191,50,50,4399
1559878405405,4695,HTTP Request,200,OK,Thread Group 1-45,text,true,191,50,50,4694
1559878405907,4391,HTTP Request,200,OK,Thread Group 1-20,text,true,191,50,50,4390
1559878405700,4598,HTTP Request,200,OK,Thread Group 1-50,text,true,191,50,50,4597
1559878405907,4401,HTTP Request,200,OK,Thread Group 1-18,text,true,191,50,50,4401
1559878406105,4298,HTTP Request,200,OK,Thread Group 1-17,text,true,191,50,50,4297
1559878405999,4506,HTTP Request,200,OK,Thread Group 1-4,text,true,191,50,50,4506
1559878406201,4396,HTTP Request,200,OK,Thread Group 1-5,text,true,191,50,50,4396
1559878406203,4605,HTTP Request,200,OK,Thread Group 1-15,text,true,191,50,50,4605
1559878406105,4705,HTTP Request,200,OK,Thread Group 1-12,text,true,191,50,50,4704
1559878406601,4302,HTTP Request,200,OK,Thread Group 1-22,text,true,191,50,50,4302
1559878406602,4302,HTTP Request,200,OK,Thread Group 1-14,text,true,191,50,50,4302
1559878406503,4499,HTTP Request,200,OK,Thread Group 1-3,text,true,191,50,50,4499
1559878406603,4705,HTTP Request,200,OK,Thread Group 1-8,text,true,191,50,50,4705
1559878406605,4793,HTTP Request,200,OK,Thread Group 1-21,text,true,191,50,50,4793
1559878406905,4601,HTTP Request,200,OK,Thread Group 1-7,text,true,191,50,50,4601
1559878406906,4694,HTTP Request,200,OK,Thread Group 1-6,text,true,191,50,50,4693
1559878407110,4587,HTTP Request,200,OK,Thread Group 1-30,text,true,191,50,50,4587
1559878407205,4493,HTTP Request,200,OK,Thread Group 1-10,text,true,191,50,50,4493
1559878407006,4692,HTTP Request,200,OK,Thread Group 1-25,text,true,191,50,50,4692
1559878407001,4698,HTTP Request,200,OK,Thread Group 1-26,text,true,191,50,50,4698
1559878407208,4591,HTTP Request,200,OK,Thread Group 1-29,text,true,191,50,50,4591
1559878407208,4596,HTTP Request,200,OK,Thread Group 1-9,text,true,191,50,50,4596
1559878407600,4205,HTTP Request,200,OK,Thread Group 1-33,text,true,191,50,50,4205
1559878407600,4401,HTTP Request,200,OK,Thread Group 1-23,text,true,191,50,50,4401
1559878407706,4302,HTTP Request,200,OK,Thread Group 1-32,text,true,191,50,50,4302
1559878407808,4496,HTTP Request,200,OK,Thread Group 1-2,text,true,191,50,50,4496
1559878407806,4498,HTTP Request,200,OK,Thread Group 1-24,text,true,191,50,50,4498
1559878407904,4401,HTTP Request,200,OK,Thread Group 1-27,text,true,191,50,50,4401
1559878408007,4497,HTTP Request,200,OK,Thread Group 1-36,text,true,191,50,50,4497
1559878408007,4498,HTTP Request,200,OK,Thread Group 1-31,text,true,191,50,50,4498
1559878408108,4491,HTTP Request,200,OK,Thread Group 1-35,text,true,191,50,50,4491
1559878408006,4593,HTTP Request,200,OK,Thread Group 1-38,text,true,191,50,50,4593
1559878408204,4693,HTTP Request,200,OK,Thread Group 1-34,text,true,191,50,50,4693
1559878408308,4599,HTTP Request,200,OK,Thread Group 1-41,text,true,191,50,50,4599
1559878408903,4004,HTTP Request,200,OK,Thread Group 1-43,text,true,191,50,50,4004
1559878408903,4098,HTTP Request,200,OK,Thread Group 1-39,text,true,191,50,50,4098
1559878408904,4100,HTTP Request,200,OK,Thread Group 1-13,text,true,191,50,50,4100
1559878409010,4289,HTTP Request,200,OK,Thread Group 1-28,text,true,191,50,50,4289
1559878409012,4496,HTTP Request,200,OK,Thread Group 1-42,text,true,191,50,50,4496
1559878409399,4401,HTTP Request,200,OK,Thread Group 1-37,text,true,191,50,50,4401
1559878409404,4399,HTTP Request,200,OK,Thread Group 1-19,text,true,191,50,50,4398
1559878409404,4400,HTTP Request,200,OK,Thread Group 1-40,text,true,191,50,50,4400
1559878409312,4493,HTTP Request,200,OK,Thread Group 1-1,text,true,191,50,50,4492
1559878409500,4397,HTTP Request,200,OK,Thread Group 1-44,text,true,191,50,50,4397
1559878409606,4300,HTTP Request,200,OK,Thread Group 1-48,text,true,191,50,50,4300
1559878409703,4403,HTTP Request,200,OK,Thread Group 1-46,text,true,191,50,50,4402
1559878409705,4692,HTTP Request,200,OK,Thread Group 1-11,text,true,191,50,50,4692
1559878409800,4598,HTTP Request,200,OK,Thread Group 1-16,text,true,191,50,50,4598
1559878410008,4397,HTTP Request,200,OK,Thread Group 1-49,text,true,191,50,50,4397
1559878410013,4484,HTTP Request,200,OK,Thread Group 1-47,text,true,191,50,50,4484
1559878410300,4398,HTTP Request,200,OK,Thread Group 1-50,text,true,191,50,50,4398
1559878410101,4597,HTTP Request,200,OK,Thread Group 1-45,text,true,191,50,50,4597
1559878410310,4496,HTTP Request,200,OK,Thread Group 1-18,text,true,191,50,50,4496
1559878410404,4402,HTTP Request,200,OK,Thread Group 1-17,text,true,191,50,50,4402
1559878410299,4600,HTTP Request,200,OK,Thread Group 1-20,text,true,191,50,50,4600
1559878410599,4305,HTTP Request,200,OK,Thread Group 1-5,text,true,191,50,50,4305
1559878410510,4394,HTTP Request,200,OK,Thread Group 1-4,text,true,191,50,50,4394
1559878410809,4193,HTTP Request,200,OK,Thread Group 1-15,text,true,191,50,50,4193
1559878410811,4390,HTTP Request,200,OK,Thread Group 1-12,text,true,191,49,49,4390
1559878410907,4390,HTTP Request,200,OK,Thread Group 1-14,text,true,191,48,48,4390
1559878410905,4393,HTTP Request,200,OK,Thread Group 1-22,text,true,191,48,48,4392
1559878411004,4401,HTTP Request,200,OK,Thread Group 1-3,text,true,191,46,46,4400
1559878411309,4194,HTTP Request,200,OK,Thread Group 1-8,text,true,191,45,45,4194
1559878411399,4206,HTTP Request,200,OK,Thread Group 1-21,text,true,191,44,44,4206
1559878411602,4095,HTTP Request,200,OK,Thread Group 1-6,text,true,191,43,43,4095
1559878411508,4197,HTTP Request,200,OK,Thread Group 1-7,text,true,191,42,42,4197
1559878411700,4098,HTTP Request,200,OK,Thread Group 1-30,text,true,191,41,41,4098
1559878411701,4306,HTTP Request,200,OK,Thread Group 1-10,text,true,191,40,40,4305
1559878411702,4305,HTTP Request,200,OK,Thread Group 1-26,text,true,191,40,40,4305
1559878411801,4298,HTTP Request,200,OK,Thread Group 1-29,text,true,191,38,38,4298
1559878411701,4401,HTTP Request,200,OK,Thread Group 1-25,text,true,191,37,37,4400
1559878411805,4394,HTTP Request,200,OK,Thread Group 1-9,text,true,191,36,36,4394
1559878411807,4394,HTTP Request,200,OK,Thread Group 1-33,text,true,191,36,36,4394
1559878412003,4405,HTTP Request,200,OK,Thread Group 1-23,text,true,191,34,34,4405
1559878412307,4197,HTTP Request,200,OK,Thread Group 1-2,text,true,191,33,33,4196
1559878412010,4495,HTTP Request,200,OK,Thread Group 1-32,text,true,191,33,33,4495
1559878412308,4290,HTTP Request,200,OK,Thread Group 1-27,text,true,191,31,31,4290
1559878412308,4298,HTTP Request,200,OK,Thread Group 1-24,text,true,191,30,30,4298
1559878412507,4099,HTTP Request,200,OK,Thread Group 1-36,text,true,191,30,30,4099
1559878412507,4101,HTTP Request,200,OK,Thread Group 1-31,text,true,191,28,28,4100
1559878412601,4103,HTTP Request,200,OK,Thread Group 1-38,text,true,191,27,27,4103
1559878412601,4104,HTTP Request,200,OK,Thread Group 1-35,text,true,191,27,27,4103
1559878412899,3902,HTTP Request,200,OK,Thread Group 1-34,text,true,191,25,25,3902
1559878412909,3990,HTTP Request,200,OK,Thread Group 1-41,text,true,191,24,24,3990
1559878412910,3990,HTTP Request,200,OK,Thread Group 1-43,text,true,191,24,24,3990
1559878413003,4008,HTTP Request,200,OK,Thread Group 1-39,text,true,191,22,22,4008
1559878413006,4101,HTTP Request,200,OK,Thread Group 1-13,text,true,191,21,21,4100
1559878413510,3691,HTTP Request,200,OK,Thread Group 1-42,text,true,191,20,20,3691
1559878413301,4003,HTTP Request,200,OK,Thread Group 1-28,text,true,191,19,19,4003
1559878413802,3702,HTTP Request,200,OK,Thread Group 1-37,text,true,191,18,18,3702
1559878413805,3797,HTTP Request,200,OK,Thread Group 1-19,text,true,191,17,17,3797
1559878413806,3899,HTTP Request,200,OK,Thread Group 1-40,text,true,191,16,16,3899
1559878413900,3808,HTTP Request,200,OK,Thread Group 1-44,text,true,191,15,15,3808
1559878413808,3901,HTTP Request,200,OK,Thread Group 1-1,text,true,191,15,15,3901
1559878413907,3891,HTTP Request,200,OK,Thread Group 1-48,text,true,191,13,13,3891
1559878414107,3801,HTTP Request,200,OK,Thread Group 1-46,text,true,191,12,12,3800
1559878414399,3707,HTTP Request,200,OK,Thread Group 1-11,text,true,191,11,11,3707
1559878414400,3898,HTTP Request,200,OK,Thread Group 1-16,text,true,191,10,10,3897
1559878414700,3598,HTTP Request,200,OK,Thread Group 1-45,text,true,191,10,10,3598
1559878414406,3999,HTTP Request,200,OK,Thread Group 1-49,text,true,191,8,8,3999
1559878414499,3908,HTTP Request,200,OK,Thread Group 1-47,text,true,191,8,8,3908
1559878414700,3800,HTTP Request,200,OK,Thread Group 1-50,text,true,191,6,6,3800
1559878414808,3694,HTTP Request,200,OK,Thread Group 1-18,text,true,191,6,6,3694
1559878414808,3695,HTTP Request,200,OK,Thread Group 1-17,text,true,191,5,5,3694
1559878414901,3699,HTTP Request,200,OK,Thread Group 1-20,text,true,191,3,3,3699
1559878414906,3694,HTTP Request,200,OK,Thread Group 1-5,text,true,191,3,3,3694
1559878414906,3695,HTTP Request,200,OK,Thread Group 1-4,text,true,191,3,3,3695
